{"type":"FeatureCollection","metadata":{"asof":"2026-07-01","source":"https://github.com/DevMinGeonPark/mapcn-kr/blob/06c7a3456dd82965bd29042130441515717519ab/data/sgg.json","reform_reference":"https://www.incheon.go.kr/IC01070101","note":"SGIS-derived simplified boundaries; not a cadastral or legal boundary survey."},"features":[{"type":"Feature","properties":{"name":"종로구","sido":"11","code":"11110"},"geometry":{"type":"Polygon","coordinates":[[[126.977,37.5692],[126.9909,37.5682],[127.0016,37.5696],[127.0067,37.5696],[127.0096,37.5698],[127.0175,37.5703],[127.0188,37.571],[127.0234,37.5717],[127.0232,37.578],[127.0188,37.5775],[127.015,37.5821],[127.0147,37.5822],[127.0105,37.5803],[127.0088,37.5805],[127.0073,37.5832],[127.0042,37.588],[126.9985,37.5925],[126.9891,37.5913],[126.9891,37.5914],[126.9827,37.5951],[126.9816,37.5991],[126.9877,37.6012],[126.9867,37.6147],[126.9828,37.6167],[126.9792,37.6246],[126.9801,37.6284],[126.9751,37.6314],[126.9718,37.6323],[126.9532,37.6252],[126.9503,37.6184],[126.95,37.6097],[126.9504,37.6079],[126.9534,37.6054],[126.9527,37.6004],[126.9563,37.5957],[126.9569,37.5854],[126.9579,37.5838],[126.9607,37.5808],[126.9536,37.5789],[126.9539,37.5785],[126.9596,37.573],[126.9658,37.5667],[126.9668,37.5658],[126.969,37.5682],[126.9754,37.5693],[126.977,37.5692]]]}},{"type":"Feature","properties":{"name":"중구","sido":"11","code":"11140"},"geometry":{"type":"Polygon","coordinates":[[[126.969,37.5682],[126.9668,37.5658],[126.9696,37.562],[126.9621,37.5593],[126.9615,37.5589],[126.9624,37.5515],[126.9685,37.5554],[126.9691,37.5539],[126.9767,37.5527],[126.9854,37.5537],[126.9878,37.5515],[126.9924,37.5501],[126.9932,37.5491],[126.9953,37.5472],[127.0042,37.5504],[127.0053,37.5477],[127.0086,37.544],[127.0132,37.5499],[127.0163,37.553],[127.0195,37.5573],[127.0194,37.5575],[127.0229,37.5579],[127.0233,37.5607],[127.0267,37.565],[127.0236,37.5652],[127.0234,37.5717],[127.0188,37.571],[127.0175,37.5703],[127.0096,37.5698],[127.0067,37.5696],[127.0016,37.5696],[126.9909,37.5682],[126.977,37.5692],[126.9754,37.5693],[126.969,37.5682]]]}},{"type":"Feature","properties":{"name":"용산구","sido":"11","code":"11170"},"geometry":{"type":"Polygon","coordinates":[[[126.9767,37.5527],[126.9691,37.5539],[126.9685,37.5554],[126.9624,37.5515],[126.9632,37.5487],[126.9565,37.5407],[126.9564,37.5406],[126.953,37.5378],[126.9447,37.5338],[126.9486,37.5285],[126.9496,37.5178],[126.9572,37.5154],[126.9617,37.5128],[126.9741,37.5073],[126.9801,37.5065],[126.9807,37.5066],[126.9857,37.5066],[126.9906,37.513],[126.9959,37.5157],[127.0004,37.5179],[127.0044,37.5203],[127.008,37.5246],[127.0119,37.5278],[127.0209,37.5351],[127.0093,37.5397],[127.0086,37.544],[127.0053,37.5477],[127.0042,37.5504],[126.9953,37.5472],[126.9932,37.5491],[126.9924,37.5501],[126.9878,37.5515],[126.9854,37.5537],[126.9767,37.5527]]]}},{"type":"Feature","properties":{"name":"성동구","sido":"11","code":"11200"},"geometry":{"type":"Polygon","coordinates":[[[127.0233,37.5607],[127.0229,37.5579],[127.0194,37.5575],[127.0195,37.5573],[127.0163,37.553],[127.0132,37.5499],[127.0086,37.544],[127.0093,37.5397],[127.0209,37.5351],[127.0216,37.5355],[127.0359,37.5358],[127.0467,37.534],[127.0491,37.5326],[127.0566,37.5291],[127.0628,37.5402],[127.0639,37.5422],[127.0675,37.5483],[127.0737,37.5594],[127.0721,37.56],[127.0578,37.563],[127.0568,37.5638],[127.0422,37.573],[127.0365,37.5725],[127.0323,37.5701],[127.0234,37.5717],[127.0236,37.5652],[127.0267,37.565],[127.0233,37.5607]]]}},{"type":"Feature","properties":{"name":"광진구","sido":"11","code":"11215"},"geometry":{"type":"Polygon","coordinates":[[[127.0639,37.5422],[127.0628,37.5402],[127.0566,37.5291],[127.0653,37.5256],[127.067,37.5251],[127.0726,37.5238],[127.0885,37.5255],[127.0904,37.526],[127.0923,37.5268],[127.0981,37.5276],[127.099,37.528],[127.1032,37.5347],[127.1042,37.536],[127.1096,37.5435],[127.1124,37.5495],[127.1138,37.5589],[127.1042,37.5599],[127.1011,37.56],[127.1033,37.5696],[127.1009,37.5736],[127.0958,37.5711],[127.0862,37.5708],[127.0786,37.5719],[127.0758,37.5666],[127.0721,37.56],[127.0737,37.5594],[127.0675,37.5483],[127.0639,37.5422]]]}},{"type":"Feature","properties":{"name":"동대문구","sido":"11","code":"11230"},"geometry":{"type":"Polygon","coordinates":[[[127.0476,37.5963],[127.0408,37.5958],[127.0391,37.5913],[127.0365,37.5912],[127.0295,37.5827],[127.0245,37.5792],[127.0232,37.578],[127.0234,37.5717],[127.0323,37.5701],[127.0365,37.5725],[127.0422,37.573],[127.0568,37.5638],[127.0578,37.563],[127.0721,37.56],[127.0758,37.5666],[127.0786,37.5719],[127.0783,37.5768],[127.0772,37.581],[127.0737,37.5854],[127.0707,37.5909],[127.0704,37.5925],[127.0696,37.5949],[127.0698,37.5977],[127.0723,37.6047],[127.0717,37.6068],[127.0608,37.6036],[127.052,37.6],[127.0513,37.6016],[127.0476,37.5963]]]}},{"type":"Feature","properties":{"name":"중랑구","sido":"11","code":"11260"},"geometry":{"type":"Polygon","coordinates":[[[127.0737,37.5854],[127.0772,37.581],[127.0783,37.5768],[127.0786,37.5719],[127.0862,37.5708],[127.0958,37.5711],[127.1009,37.5736],[127.1027,37.5789],[127.1027,37.5841],[127.1101,37.5874],[127.1124,37.5919],[127.1184,37.595],[127.114,37.5994],[127.118,37.6046],[127.1166,37.6088],[127.1168,37.6099],[127.117,37.6174],[127.1157,37.6193],[127.1057,37.6208],[127.097,37.617],[127.0895,37.6196],[127.0816,37.6193],[127.0758,37.6171],[127.0714,37.6156],[127.0717,37.6068],[127.0723,37.6047],[127.0698,37.5977],[127.0696,37.5949],[127.0704,37.5925],[127.0707,37.5909],[127.0737,37.5854]]]}},{"type":"Feature","properties":{"name":"성북구","sido":"11","code":"11290"},"geometry":{"type":"Polygon","coordinates":[[[127.0295,37.5827],[127.0365,37.5912],[127.0391,37.5913],[127.0408,37.5958],[127.0476,37.5963],[127.0513,37.6016],[127.052,37.6],[127.0608,37.6036],[127.0717,37.6068],[127.0714,37.6156],[127.0712,37.6164],[127.068,37.6156],[127.0629,37.6143],[127.05,37.6244],[127.0447,37.6195],[127.0391,37.6163],[127.0371,37.6127],[127.0304,37.6091],[127.03,37.6123],[127.0222,37.6113],[127.022,37.6123],[127.0153,37.6148],[127.0086,37.6186],[127.0045,37.6244],[126.9932,37.632],[126.9846,37.6366],[126.9751,37.6314],[126.9801,37.6284],[126.9792,37.6246],[126.9828,37.6167],[126.9867,37.6147],[126.9877,37.6012],[126.9816,37.5991],[126.9827,37.5951],[126.9891,37.5914],[126.9891,37.5913],[126.9985,37.5925],[127.0042,37.588],[127.0073,37.5832],[127.0088,37.5805],[127.0105,37.5803],[127.0147,37.5822],[127.015,37.5821],[127.0188,37.5775],[127.0232,37.578],[127.0245,37.5792],[127.0295,37.5827]]]}},{"type":"Feature","properties":{"name":"강북구","sido":"11","code":"11305"},"geometry":{"type":"Polygon","coordinates":[[[127.0364,37.6369],[127.0308,37.6429],[127.0252,37.6466],[127.0156,37.6491],[127.0126,37.6522],[127.0163,37.6616],[127.0184,37.6701],[127.0083,37.6847],[126.998,37.6838],[126.9917,37.6795],[126.9943,37.6665],[126.988,37.6633],[126.9796,37.6549],[126.9837,37.6498],[126.9864,37.6407],[126.9846,37.6366],[126.9932,37.632],[127.0045,37.6244],[127.0086,37.6186],[127.0153,37.6148],[127.022,37.6123],[127.0222,37.6113],[127.03,37.6123],[127.0304,37.6091],[127.0371,37.6127],[127.0391,37.6163],[127.0447,37.6195],[127.05,37.6244],[127.042,37.631],[127.0415,37.6313],[127.0385,37.6339],[127.0364,37.6369]]]}},{"type":"Feature","properties":{"name":"도봉구","sido":"11","code":"11320"},"geometry":{"type":"Polygon","coordinates":[[[127.0252,37.6466],[127.0308,37.6429],[127.0364,37.6369],[127.0385,37.6339],[127.0415,37.6313],[127.0464,37.6392],[127.0512,37.6452],[127.0549,37.6408],[127.0542,37.6545],[127.0516,37.6607],[127.0515,37.6618],[127.0488,37.6691],[127.0489,37.6712],[127.0519,37.6848],[127.0508,37.687],[127.0482,37.6939],[127.0451,37.6924],[127.0416,37.6954],[127.0311,37.6929],[127.0281,37.7006],[127.0158,37.701],[127.0088,37.6945],[127.0083,37.6847],[127.0184,37.6701],[127.0163,37.6616],[127.0126,37.6522],[127.0156,37.6491],[127.0252,37.6466]]]}},{"type":"Feature","properties":{"name":"노원구","sido":"11","code":"11350"},"geometry":{"type":"Polygon","coordinates":[[[127.0629,37.6143],[127.068,37.6156],[127.0712,37.6164],[127.0714,37.6156],[127.0758,37.6171],[127.0816,37.6193],[127.0895,37.6196],[127.097,37.617],[127.1057,37.6208],[127.1055,37.6273],[127.111,37.6306],[127.1112,37.6424],[127.1066,37.6455],[127.0945,37.6458],[127.0928,37.6549],[127.086,37.6559],[127.0924,37.6581],[127.094,37.6626],[127.0956,37.6728],[127.0918,37.6792],[127.0959,37.6877],[127.0849,37.6908],[127.0811,37.6961],[127.0688,37.6941],[127.0651,37.6898],[127.0546,37.6893],[127.0508,37.687],[127.0519,37.6848],[127.0489,37.6712],[127.0488,37.6691],[127.0515,37.6618],[127.0516,37.6607],[127.0542,37.6545],[127.0549,37.6408],[127.0512,37.6452],[127.0464,37.6392],[127.0415,37.6313],[127.042,37.631],[127.05,37.6244],[127.0629,37.6143]]]}},{"type":"Feature","properties":{"name":"은평구","sido":"11","code":"11380"},"geometry":{"type":"Polygon","coordinates":[[[126.95,37.6097],[126.9503,37.6184],[126.9532,37.6252],[126.9718,37.6323],[126.9688,37.6387],[126.9617,37.6452],[126.9546,37.6548],[126.9473,37.6589],[126.9412,37.6572],[126.937,37.6519],[126.9289,37.65],[126.9213,37.6456],[126.9142,37.6447],[126.9053,37.6489],[126.9122,37.6444],[126.9088,37.6291],[126.9079,37.6254],[126.9052,37.6195],[126.901,37.6125],[126.9017,37.6057],[126.9021,37.6038],[126.9014,37.5983],[126.8998,37.5899],[126.8873,37.5886],[126.8822,37.5909],[126.8982,37.5783],[126.9031,37.5769],[126.9063,37.5801],[126.9131,37.587],[126.9208,37.5829],[126.923,37.585],[126.9228,37.5856],[126.9284,37.5919],[126.9386,37.5976],[126.9404,37.6029],[126.9504,37.6079],[126.95,37.6097]]]}},{"type":"Feature","properties":{"name":"서대문구","sido":"11","code":"11410"},"geometry":{"type":"Polygon","coordinates":[[[126.9539,37.5785],[126.9536,37.5789],[126.9607,37.5808],[126.9579,37.5838],[126.9569,37.5854],[126.9563,37.5957],[126.9527,37.6004],[126.9534,37.6054],[126.9504,37.6079],[126.9404,37.6029],[126.9386,37.5976],[126.9284,37.5919],[126.9228,37.5856],[126.923,37.585],[126.9208,37.5829],[126.9131,37.587],[126.9063,37.5801],[126.9031,37.5769],[126.9016,37.5755],[126.9118,37.5703],[126.9169,37.5679],[126.9177,37.5674],[126.9247,37.5657],[126.9272,37.5618],[126.9271,37.5618],[126.9271,37.5586],[126.9369,37.5551],[126.9468,37.5568],[126.9488,37.557],[126.9587,37.5567],[126.9615,37.5589],[126.9621,37.5593],[126.9696,37.562],[126.9668,37.5658],[126.9658,37.5667],[126.9596,37.573],[126.9539,37.5785]]]}},{"type":"Feature","properties":{"name":"마포구","sido":"11","code":"11440"},"geometry":{"type":"Polygon","coordinates":[[[126.9412,37.5365],[126.9447,37.5338],[126.953,37.5378],[126.9564,37.5406],[126.9565,37.5407],[126.9632,37.5487],[126.9624,37.5515],[126.9615,37.5589],[126.9587,37.5567],[126.9488,37.557],[126.9468,37.5568],[126.9369,37.5551],[126.9271,37.5586],[126.9271,37.5618],[126.9272,37.5618],[126.9247,37.5657],[126.9177,37.5674],[126.9169,37.5679],[126.9118,37.5703],[126.9016,37.5755],[126.9031,37.5769],[126.8982,37.5783],[126.8822,37.5909],[126.8767,37.5841],[126.8771,37.5789],[126.8541,37.5739],[126.8536,37.5718],[126.8595,37.5673],[126.8631,37.565],[126.8804,37.5562],[126.8906,37.5512],[126.899,37.5479],[126.9022,37.5441],[126.905,37.5413],[126.9171,37.5414],[126.9276,37.539],[126.9303,37.5413],[126.9358,37.539],[126.9412,37.5365]]]}},{"type":"Feature","properties":{"name":"양천구","sido":"11","code":"11470"},"geometry":{"type":"Polygon","coordinates":[[[126.8885,37.5307],[126.89,37.5304],[126.8903,37.5347],[126.8852,37.5436],[126.8807,37.5479],[126.8707,37.5477],[126.865,37.5509],[126.8643,37.5514],[126.8622,37.5446],[126.8637,37.5393],[126.8635,37.5356],[126.864,37.5298],[126.8585,37.5291],[126.852,37.5283],[126.8489,37.5279],[126.8405,37.5265],[126.8352,37.5369],[126.8338,37.5399],[126.8297,37.5477],[126.8244,37.5414],[126.8221,37.5407],[126.8218,37.5392],[126.8218,37.5349],[126.8285,37.5267],[126.8259,37.5241],[126.8256,37.5198],[126.8232,37.5162],[126.8247,37.5083],[126.827,37.5086],[126.8364,37.5007],[126.8384,37.5001],[126.8453,37.5079],[126.8582,37.5099],[126.8628,37.506],[126.8713,37.5056],[126.8735,37.5085],[126.8785,37.5143],[126.8795,37.5168],[126.8798,37.5214],[126.8798,37.5222],[126.8817,37.5263],[126.8885,37.5307]]]}},{"type":"Feature","properties":{"name":"강서구","sido":"11","code":"11500"},"geometry":{"type":"Polygon","coordinates":[[[126.8631,37.565],[126.8595,37.5673],[126.8536,37.5718],[126.8516,37.5733],[126.8321,37.5858],[126.8268,37.588],[126.8186,37.5936],[126.8049,37.604],[126.8006,37.6041],[126.7973,37.5966],[126.8009,37.5888],[126.7937,37.5816],[126.7876,37.5756],[126.777,37.5663],[126.7756,37.5618],[126.7662,37.5541],[126.7717,37.5483],[126.7874,37.5459],[126.7918,37.5437],[126.7944,37.5358],[126.7991,37.5375],[126.8028,37.5431],[126.8124,37.5407],[126.8221,37.5407],[126.8244,37.5414],[126.8297,37.5477],[126.8338,37.5399],[126.8352,37.5369],[126.8405,37.5265],[126.8489,37.5279],[126.852,37.5283],[126.8585,37.5291],[126.864,37.5298],[126.8635,37.5356],[126.8637,37.5393],[126.8622,37.5446],[126.8643,37.5514],[126.865,37.5509],[126.8707,37.5477],[126.8807,37.5479],[126.8804,37.5562],[126.8631,37.565]]]}},{"type":"Feature","properties":{"name":"구로구","sido":"11","code":"11530"},"geometry":{"type":"Polygon","coordinates":[[[126.8785,37.5143],[126.8735,37.5085],[126.8713,37.5056],[126.8628,37.506],[126.8582,37.5099],[126.8453,37.5079],[126.8384,37.5001],[126.8364,37.5007],[126.827,37.5086],[126.8247,37.5083],[126.8224,37.5061],[126.8198,37.4992],[126.8144,37.4983],[126.8144,37.4932],[126.8206,37.4908],[126.823,37.4885],[126.8196,37.4803],[126.8148,37.4747],[126.8159,37.474],[126.8192,37.4762],[126.8318,37.4776],[126.833,37.4773],[126.8456,37.4745],[126.8465,37.4817],[126.8483,37.4824],[126.8535,37.4826],[126.8565,37.4857],[126.8631,37.491],[126.867,37.493],[126.8683,37.4951],[126.8747,37.4854],[126.8807,37.486],[126.8882,37.4801],[126.8959,37.4785],[126.8962,37.4786],[126.899,37.479],[126.8995,37.4803],[126.9032,37.485],[126.8954,37.492],[126.8954,37.4921],[126.8935,37.4977],[126.8939,37.5075],[126.8951,37.5082],[126.893,37.5095],[126.8795,37.5168],[126.8785,37.5143]]]}},{"type":"Feature","properties":{"name":"금천구","sido":"11","code":"11545"},"geometry":{"type":"Polygon","coordinates":[[[126.8747,37.4854],[126.874,37.4851],[126.8739,37.4833],[126.8807,37.4719],[126.8858,37.4658],[126.8868,37.4647],[126.8864,37.4562],[126.8941,37.4526],[126.8982,37.4447],[126.9005,37.4374],[126.9019,37.4364],[126.9093,37.4342],[126.9152,37.4401],[126.9211,37.4441],[126.9287,37.4502],[126.9225,37.4572],[126.9184,37.4572],[126.9142,37.4581],[126.9137,37.4653],[126.9124,37.4657],[126.9124,37.466],[126.9082,37.4726],[126.9119,37.4769],[126.9097,37.4809],[126.8995,37.4803],[126.899,37.479],[126.8962,37.4786],[126.8959,37.4785],[126.8882,37.4801],[126.8807,37.486],[126.8747,37.4854]]]}},{"type":"Feature","properties":{"name":"영등포구","sido":"11","code":"11560"},"geometry":{"type":"Polygon","coordinates":[[[126.9447,37.5338],[126.9412,37.5365],[126.9358,37.539],[126.9303,37.5413],[126.9276,37.539],[126.9171,37.5414],[126.905,37.5413],[126.9022,37.5441],[126.899,37.5479],[126.8906,37.5512],[126.8804,37.5562],[126.8807,37.5479],[126.8852,37.5436],[126.8903,37.5347],[126.89,37.5304],[126.8885,37.5307],[126.8817,37.5263],[126.8798,37.5222],[126.8798,37.5214],[126.8795,37.5168],[126.893,37.5095],[126.8951,37.5082],[126.8939,37.5075],[126.8935,37.4977],[126.8954,37.4921],[126.8954,37.492],[126.9032,37.485],[126.9063,37.4889],[126.9095,37.4926],[126.9142,37.4966],[126.9202,37.4985],[126.9208,37.5014],[126.9252,37.5149],[126.926,37.5161],[126.933,37.5158],[126.9394,37.5161],[126.9496,37.5178],[126.9486,37.5285],[126.9447,37.5338]]]}},{"type":"Feature","properties":{"name":"동작구","sido":"11","code":"11590"},"geometry":{"type":"Polygon","coordinates":[[[126.933,37.5158],[126.926,37.5161],[126.9252,37.5149],[126.9208,37.5014],[126.9202,37.4985],[126.9142,37.4966],[126.9095,37.4926],[126.9063,37.4889],[126.9032,37.485],[126.9133,37.4872],[126.916,37.4888],[126.9189,37.4896],[126.9243,37.49],[126.9299,37.494],[126.9395,37.4909],[126.9416,37.4923],[126.9434,37.4921],[126.9474,37.4939],[126.9561,37.4916],[126.9612,37.4926],[126.9621,37.4852],[126.9653,37.4796],[126.9702,37.4766],[126.9705,37.4754],[126.9817,37.4764],[126.9821,37.4848],[126.9821,37.4854],[126.9827,37.4909],[126.9829,37.4964],[126.9877,37.4982],[126.9878,37.4986],[126.9811,37.5023],[126.9801,37.5065],[126.9741,37.5073],[126.9617,37.5128],[126.9572,37.5154],[126.9496,37.5178],[126.9394,37.5161],[126.933,37.5158]]]}},{"type":"Feature","properties":{"name":"관악구","sido":"11","code":"11620"},"geometry":{"type":"Polygon","coordinates":[[[126.9299,37.494],[126.9243,37.49],[126.9189,37.4896],[126.916,37.4888],[126.9133,37.4872],[126.9032,37.485],[126.8995,37.4803],[126.9097,37.4809],[126.9119,37.4769],[126.9082,37.4726],[126.9124,37.466],[126.9124,37.4657],[126.9137,37.4653],[126.9142,37.4581],[126.9184,37.4572],[126.9225,37.4572],[126.9287,37.4502],[126.931,37.4478],[126.9378,37.4402],[126.9386,37.436],[126.9482,37.4385],[126.9638,37.4408],[126.9687,37.4468],[126.9708,37.4475],[126.974,37.4476],[126.9824,37.4552],[126.9886,37.4581],[126.9882,37.4655],[126.9817,37.4764],[126.9705,37.4754],[126.9702,37.4766],[126.9653,37.4796],[126.9621,37.4852],[126.9612,37.4926],[126.9561,37.4916],[126.9474,37.4939],[126.9434,37.4921],[126.9416,37.4923],[126.9395,37.4909],[126.9299,37.494]]]}},{"type":"Feature","properties":{"name":"서초구","sido":"11","code":"11650"},"geometry":{"type":"Polygon","coordinates":[[[127.0276,37.498],[127.0245,37.5045],[127.0245,37.5046],[127.0204,37.5108],[127.0194,37.516],[127.0171,37.5229],[127.0119,37.5278],[127.008,37.5246],[127.0044,37.5203],[127.0004,37.5179],[126.9959,37.5157],[126.9906,37.513],[126.9857,37.5066],[126.9807,37.5066],[126.9801,37.5065],[126.9811,37.5023],[126.9878,37.4986],[126.9877,37.4982],[126.9829,37.4964],[126.9827,37.4909],[126.9821,37.4854],[126.9821,37.4848],[126.9817,37.4764],[126.9882,37.4655],[126.9886,37.4581],[126.9968,37.4622],[126.9963,37.4667],[127.0034,37.4673],[127.0111,37.4554],[127.0261,37.4585],[127.0299,37.4654],[127.0358,37.4575],[127.0384,37.4457],[127.0354,37.4412],[127.0411,37.4381],[127.0475,37.4309],[127.0632,37.4297],[127.0705,37.4301],[127.0734,37.4393],[127.0823,37.4412],[127.088,37.4451],[127.0883,37.4486],[127.0963,37.4614],[127.0862,37.4704],[127.0852,37.4753],[127.0772,37.475],[127.0625,37.4728],[127.0616,37.469],[127.0496,37.4705],[127.0439,37.4797],[127.0413,37.4856],[127.034,37.4848],[127.0316,37.4895],[127.0276,37.498]]]}},{"type":"Feature","properties":{"name":"강남구","sido":"11","code":"11680"},"geometry":{"type":"Polygon","coordinates":[[[127.0119,37.5278],[127.0171,37.5229],[127.0194,37.516],[127.0204,37.5108],[127.0245,37.5046],[127.0245,37.5045],[127.0276,37.498],[127.0316,37.4895],[127.034,37.4848],[127.0413,37.4856],[127.0439,37.4797],[127.0496,37.4705],[127.0616,37.469],[127.0625,37.4728],[127.0772,37.475],[127.0852,37.4753],[127.0862,37.4704],[127.0963,37.4614],[127.1035,37.4596],[127.1063,37.4625],[127.1167,37.4586],[127.1223,37.4652],[127.1205,37.4704],[127.111,37.4829],[127.1081,37.4893],[127.102,37.4936],[127.0967,37.4958],[127.0905,37.4975],[127.0836,37.4993],[127.0755,37.5012],[127.0732,37.5021],[127.0688,37.51],[127.0685,37.5103],[127.067,37.5251],[127.0653,37.5256],[127.0566,37.5291],[127.0491,37.5326],[127.0467,37.534],[127.0359,37.5358],[127.0216,37.5355],[127.0209,37.5351],[127.0119,37.5278]]]}},{"type":"Feature","properties":{"name":"송파구","sido":"11","code":"11710"},"geometry":{"type":"Polygon","coordinates":[[[127.1042,37.536],[127.1032,37.5347],[127.099,37.528],[127.0981,37.5276],[127.0923,37.5268],[127.0904,37.526],[127.0885,37.5255],[127.0726,37.5238],[127.067,37.5251],[127.0685,37.5103],[127.0688,37.51],[127.0732,37.5021],[127.0755,37.5012],[127.0836,37.4993],[127.0905,37.4975],[127.0967,37.4958],[127.102,37.4936],[127.1081,37.4893],[127.111,37.4829],[127.1205,37.4704],[127.1223,37.4652],[127.1266,37.4689],[127.1306,37.4676],[127.1326,37.4748],[127.1434,37.4741],[127.1474,37.4772],[127.1498,37.4853],[127.1577,37.4902],[127.16,37.4942],[127.16,37.4944],[127.1601,37.4946],[127.1601,37.4972],[127.1576,37.5031],[127.1565,37.5019],[127.1536,37.5027],[127.1532,37.5028],[127.1444,37.5044],[127.1402,37.5084],[127.1447,37.5155],[127.1446,37.517],[127.1339,37.5215],[127.1287,37.5238],[127.1192,37.5281],[127.1213,37.5331],[127.1232,37.5385],[127.1096,37.5435],[127.1042,37.536]]]}},{"type":"Feature","properties":{"name":"강동구","sido":"11","code":"11740"},"geometry":{"type":"Polygon","coordinates":[[[127.1819,37.5589],[127.1795,37.5665],[127.174,37.5796],[127.1686,37.5789],[127.1623,37.5764],[127.1529,37.5707],[127.1454,37.5683],[127.1338,37.5684],[127.1223,37.5643],[127.1138,37.5589],[127.1124,37.5495],[127.1096,37.5435],[127.1232,37.5385],[127.1213,37.5331],[127.1192,37.5281],[127.1287,37.5238],[127.1339,37.5215],[127.1446,37.517],[127.1458,37.522],[127.1533,37.5293],[127.1536,37.534],[127.1604,37.5416],[127.1632,37.545],[127.1741,37.5454],[127.1836,37.5458],[127.1819,37.5589]]]}},{"type":"Feature","properties":{"name":"제물포구","sido":"28","code":"28125"},"geometry":{"type":"Polygon","coordinates":[[[126.6132,37.4346],[126.6109,37.4299],[126.635,37.43],[126.6347,37.431],[126.6326,37.4415],[126.6292,37.452],[126.6355,37.4573],[126.6376,37.4599],[126.6403,37.4641],[126.6428,37.4685],[126.6455,37.4699],[126.6503,37.4695],[126.6522,37.4758],[126.655,37.4841],[126.6705,37.4768],[126.6648,37.4825],[126.6554,37.4882],[126.6408,37.4959],[126.6274,37.4932],[126.6321,37.4877],[126.6269,37.4906],[126.6263,37.4925],[126.6098,37.4874],[126.6168,37.4836],[126.6098,37.4829],[126.6062,37.4863],[126.6005,37.4815],[126.5956,37.4718],[126.6,37.4661],[126.6163,37.4699],[126.6144,37.464],[126.6198,37.4619],[126.5997,37.4655],[126.5932,37.4637],[126.5963,37.4512],[126.5929,37.4506],[126.5929,37.4413],[126.601,37.4384],[126.6081,37.4406],[126.6132,37.4346]]]}},{"type":"Feature","properties":{"name":"영종구","sido":"28","code":"28155"},"geometry":{"type":"MultiPolygon","coordinates":[[[[126.4905,37.5099],[126.483,37.5042],[126.4701,37.5029],[126.4645,37.4995],[126.4576,37.4997],[126.4322,37.5039],[126.4275,37.5018],[126.3734,37.4721],[126.3647,37.4747],[126.3563,37.4696],[126.3563,37.463],[126.3611,37.4573],[126.3677,37.4569],[126.3723,37.4451],[126.3805,37.439],[126.3897,37.4408],[126.3953,37.4461],[126.4156,37.4325],[126.4194,37.422],[126.4277,37.4229],[126.4418,37.4209],[126.4779,37.4408],[126.4962,37.4482],[126.5003,37.4547],[126.5062,37.4639],[126.5073,37.4658],[126.5211,37.4691],[126.5373,37.4758],[126.5504,37.4764],[126.5589,37.4783],[126.5648,37.4796],[126.5708,37.4849],[126.5813,37.4897],[126.5745,37.505],[126.5691,37.5078],[126.5643,37.5145],[126.5439,37.5236],[126.5263,37.5274],[126.5209,37.5339],[126.5138,37.535],[126.4984,37.5318],[126.4953,37.5265],[126.4941,37.5162],[126.4905,37.5099]]],[[[126.4141,37.4091],[126.4072,37.4132],[126.4024,37.4097],[126.4006,37.3966],[126.4073,37.3881],[126.4091,37.3765],[126.4071,37.3726],[126.4132,37.3663],[126.4179,37.3653],[126.4337,37.3686],[126.4335,37.3742],[126.4395,37.3757],[126.441,37.3856],[126.4317,37.3899],[126.4231,37.3981],[126.4222,37.4016],[126.4146,37.4035],[126.4141,37.4091]]]]}},{"type":"Feature","properties":{"name":"미추홀구","sido":"28","code":"28177"},"geometry":{"type":"Polygon","coordinates":[[[126.6355,37.4573],[126.6292,37.452],[126.6326,37.4415],[126.6347,37.431],[126.6406,37.4305],[126.6481,37.4351],[126.6564,37.4353],[126.6605,37.4355],[126.6751,37.4303],[126.6771,37.4315],[126.6856,37.4302],[126.6872,37.4332],[126.6967,37.4334],[126.6949,37.4388],[126.7024,37.4389],[126.7002,37.4436],[126.6929,37.4482],[126.6926,37.4505],[126.695,37.4557],[126.6945,37.456],[126.6972,37.4613],[126.6929,37.4647],[126.6868,37.4662],[126.6861,37.472],[126.684,37.4733],[126.6744,37.4755],[126.6705,37.4768],[126.655,37.4841],[126.6522,37.4758],[126.6503,37.4695],[126.6455,37.4699],[126.6428,37.4685],[126.6403,37.4641],[126.6376,37.4599],[126.6355,37.4573]]]}},{"type":"Feature","properties":{"name":"연수구","sido":"28","code":"28185"},"geometry":{"type":"Polygon","coordinates":[[[126.6949,37.4388],[126.6967,37.4334],[126.6872,37.4332],[126.6856,37.4302],[126.6771,37.4315],[126.6751,37.4303],[126.6605,37.4355],[126.6564,37.4353],[126.6481,37.4351],[126.6406,37.4305],[126.6347,37.431],[126.635,37.43],[126.6109,37.4299],[126.6079,37.4271],[126.5898,37.4331],[126.5903,37.4191],[126.5968,37.416],[126.6097,37.4161],[126.6098,37.4066],[126.6099,37.3872],[126.6161,37.3793],[126.6247,37.3741],[126.6119,37.3553],[126.5845,37.3547],[126.5846,37.3474],[126.6173,37.3473],[126.6173,37.3429],[126.6611,37.3432],[126.7159,37.3791],[126.7177,37.3811],[126.7103,37.3832],[126.6745,37.3891],[126.6678,37.3923],[126.6803,37.4028],[126.6855,37.4066],[126.6871,37.4106],[126.6953,37.4171],[126.7041,37.4249],[126.7062,37.4341],[126.7024,37.4389],[126.6949,37.4388]]]}},{"type":"Feature","properties":{"name":"남동구","sido":"28","code":"28200"},"geometry":{"type":"Polygon","coordinates":[[[126.7024,37.4389],[126.7062,37.4341],[126.7041,37.4249],[126.6953,37.4171],[126.6871,37.4106],[126.6855,37.4066],[126.6803,37.4028],[126.6678,37.3923],[126.6745,37.3891],[126.7103,37.3832],[126.7177,37.3811],[126.7209,37.3811],[126.7365,37.3954],[126.7384,37.3965],[126.7438,37.4004],[126.7506,37.4076],[126.7533,37.4169],[126.7537,37.4225],[126.761,37.4263],[126.7704,37.429],[126.771,37.4368],[126.7688,37.4429],[126.7717,37.4503],[126.7783,37.4508],[126.7774,37.4575],[126.7798,37.4658],[126.7782,37.4718],[126.7781,37.4718],[126.7719,37.4724],[126.7677,37.4718],[126.7569,37.4692],[126.7545,37.4657],[126.7451,37.4654],[126.7385,37.4709],[126.7323,37.4716],[126.7312,37.4724],[126.7229,37.4703],[126.7109,37.4796],[126.7096,37.4759],[126.708,37.4693],[126.6976,37.4681],[126.6934,37.4699],[126.6861,37.472],[126.6868,37.4662],[126.6929,37.4647],[126.6972,37.4613],[126.6945,37.456],[126.695,37.4557],[126.6926,37.4505],[126.6929,37.4482],[126.7002,37.4436],[126.7024,37.4389]]]}},{"type":"Feature","properties":{"name":"부평구","sido":"28","code":"28237"},"geometry":{"type":"Polygon","coordinates":[[[126.7229,37.4703],[126.7312,37.4724],[126.7323,37.4716],[126.7385,37.4709],[126.7451,37.4654],[126.7545,37.4657],[126.7569,37.4692],[126.7677,37.4718],[126.7618,37.4763],[126.7545,37.4837],[126.7426,37.4866],[126.7424,37.4884],[126.7424,37.4885],[126.7426,37.4972],[126.7422,37.5064],[126.7451,37.5141],[126.752,37.5164],[126.761,37.518],[126.7603,37.5241],[126.733,37.5239],[126.7259,37.5238],[126.7221,37.5238],[126.7192,37.5238],[126.705,37.5236],[126.6892,37.5236],[126.6891,37.5235],[126.6833,37.5147],[126.6883,37.5084],[126.6885,37.5052],[126.691,37.5038],[126.6928,37.4954],[126.6948,37.4917],[126.7015,37.4866],[126.7014,37.4851],[126.6926,37.4853],[126.6874,37.4763],[126.684,37.4733],[126.6861,37.472],[126.6934,37.4699],[126.6976,37.4681],[126.708,37.4693],[126.7096,37.4759],[126.7109,37.4796],[126.7229,37.4703]]]}},{"type":"Feature","properties":{"name":"계양구","sido":"28","code":"28245"},"geometry":{"type":"Polygon","coordinates":[[[126.6993,37.5404],[126.6927,37.5412],[126.6914,37.536],[126.6836,37.5352],[126.6892,37.5236],[126.705,37.5236],[126.7192,37.5238],[126.7221,37.5238],[126.7259,37.5238],[126.733,37.5239],[126.7603,37.5241],[126.7607,37.5356],[126.7609,37.5379],[126.7616,37.5402],[126.7635,37.5468],[126.7662,37.5541],[126.7756,37.5618],[126.777,37.5663],[126.7876,37.5756],[126.7937,37.5816],[126.787,37.5856],[126.7841,37.5826],[126.7673,37.588],[126.7631,37.5849],[126.7577,37.5848],[126.7547,37.5804],[126.7465,37.5869],[126.7436,37.5933],[126.7251,37.592],[126.7178,37.5853],[126.7133,37.5777],[126.7037,37.5803],[126.6933,37.5822],[126.6921,37.5824],[126.6908,37.5827],[126.6871,37.5837],[126.6868,37.5838],[126.6825,37.5772],[126.7003,37.572],[126.7034,37.5639],[126.7024,37.5608],[126.6995,37.5589],[126.7066,37.5571],[126.7121,37.5526],[126.7085,37.5465],[126.7037,37.5418],[126.6993,37.5404]]]}},{"type":"Feature","properties":{"name":"서해구","sido":"28","code":"28275"},"geometry":{"type":"Polygon","coordinates":[[[126.7037,37.5418],[126.7085,37.5465],[126.7121,37.5526],[126.7066,37.5571],[126.6995,37.5589],[126.7024,37.5608],[126.7034,37.5639],[126.7003,37.572],[126.6878,37.5714],[126.6606,37.5721],[126.6327,37.5698],[126.6069,37.5616],[126.5933,37.5594],[126.5937,37.5543],[126.6045,37.5556],[126.6066,37.5537],[126.6051,37.5393],[126.6025,37.5333],[126.6026,37.5171],[126.6041,37.5101],[126.6044,37.4968],[126.6268,37.4972],[126.6297,37.5024],[126.6411,37.505],[126.641,37.4992],[126.6408,37.4959],[126.6554,37.4882],[126.6648,37.4825],[126.6705,37.4768],[126.6744,37.4755],[126.684,37.4733],[126.6874,37.4763],[126.6926,37.4853],[126.7014,37.4851],[126.7015,37.4866],[126.6948,37.4917],[126.6928,37.4954],[126.691,37.5038],[126.6885,37.5052],[126.6883,37.5084],[126.6833,37.5147],[126.6891,37.5235],[126.6892,37.5236],[126.6836,37.5352],[126.6914,37.536],[126.6927,37.5412],[126.6993,37.5404],[126.7037,37.5418]]]}},{"type":"Feature","properties":{"name":"검단구","sido":"28","code":"28290"},"geometry":{"type":"Polygon","coordinates":[[[126.6594,37.6382],[126.656,37.638],[126.6476,37.6287],[126.6449,37.6286],[126.637,37.626],[126.6277,37.606],[126.6234,37.6028],[126.6157,37.6055],[126.6091,37.6042],[126.6055,37.5999],[126.6049,37.5994],[126.5927,37.593],[126.5726,37.5878],[126.5815,37.5714],[126.5933,37.5594],[126.6069,37.5616],[126.6327,37.5698],[126.6606,37.5721],[126.6878,37.5714],[126.7003,37.572],[126.6825,37.5772],[126.6868,37.5838],[126.6871,37.5837],[126.6908,37.5827],[126.6921,37.5824],[126.6933,37.5822],[126.7037,37.5803],[126.7133,37.5777],[126.7178,37.5853],[126.7251,37.592],[126.7245,37.5929],[126.7219,37.5959],[126.712,37.6048],[126.7047,37.6026],[126.7046,37.6026],[126.7045,37.6026],[126.7042,37.6055],[126.7042,37.6125],[126.6986,37.6175],[126.6852,37.6242],[126.6793,37.6299],[126.6709,37.6344],[126.6594,37.6382]]]}},{"type":"Feature","properties":{"name":"강화군","sido":"28","code":"28710"},"geometry":{"type":"MultiPolygon","coordinates":[[[[126.526,37.7381],[126.5269,37.7478],[126.5124,37.7635],[126.5142,37.7713],[126.508,37.7833],[126.4875,37.7915],[126.4739,37.7989],[126.4536,37.8138],[126.4464,37.8234],[126.4393,37.8271],[126.4366,37.8312],[126.4269,37.8334],[126.419,37.8265],[126.4137,37.8247],[126.3939,37.8255],[126.3902,37.8232],[126.372,37.8055],[126.3575,37.7957],[126.3489,37.792],[126.3506,37.7787],[126.354,37.7788],[126.3548,37.7564],[126.3535,37.7436],[126.3415,37.7484],[126.3414,37.7385],[126.3432,37.7206],[126.3524,37.7058],[126.3775,37.6964],[126.3859,37.6909],[126.3933,37.6778],[126.3957,37.6646],[126.3885,37.6564],[126.405,37.6508],[126.3953,37.6419],[126.3741,37.6373],[126.372,37.633],[126.3772,37.6157],[126.3777,37.6095],[126.3855,37.6076],[126.3861,37.604],[126.3938,37.6007],[126.4037,37.5941],[126.4357,37.5926],[126.4466,37.5945],[126.4553,37.5934],[126.4627,37.5894],[126.4659,37.5955],[126.4733,37.5975],[126.4803,37.5836],[126.4926,37.5886],[126.5032,37.5896],[126.512,37.5812],[126.5186,37.5799],[126.5265,37.5847],[126.5239,37.5965],[126.5411,37.6017],[126.5474,37.6048],[126.5428,37.6226],[126.5355,37.6302],[126.5305,37.6386],[126.5293,37.646],[126.529,37.653],[126.5345,37.6591],[126.5353,37.6663],[126.5241,37.6732],[126.523,37.6765],[126.5254,37.6874],[126.5255,37.6901],[126.5273,37.7031],[126.5185,37.7127],[126.5185,37.7216],[126.5224,37.7313],[126.526,37.7381]]],[[[126.2681,37.8157],[126.2633,37.8183],[126.2568,37.8146],[126.237,37.8164],[126.2329,37.811],[126.2232,37.8054],[126.2235,37.8],[126.2185,37.7961],[126.2222,37.7909],[126.216,37.7784],[126.2092,37.7741],[126.2073,37.7683],[126.2268,37.753],[126.2321,37.7511],[126.2396,37.7571],[126.2415,37.7623],[126.2478,37.7654],[126.259,37.7646],[126.2728,37.7697],[126.2869,37.766],[126.2901,37.7628],[126.3052,37.7706],[126.315,37.7737],[126.3303,37.7892],[126.3346,37.7992],[126.3285,37.8039],[126.3215,37.805],[126.3143,37.8028],[126.297,37.8025],[126.2828,37.8082],[126.2681,37.8157]]],[[[126.2362,37.729],[126.2304,37.7327],[126.2181,37.7191],[126.2319,37.7159],[126.2472,37.7173],[126.2405,37.7221],[126.2362,37.729]]],[[[126.2695,37.7254],[126.2666,37.7335],[126.2574,37.7334],[126.2568,37.7255],[126.2695,37.7254]]],[[[126.3304,37.7468],[126.3239,37.7543],[126.3177,37.7529],[126.3038,37.7465],[126.294,37.7462],[126.2889,37.744],[126.2848,37.7177],[126.2822,37.7132],[126.2716,37.7127],[126.2699,37.7083],[126.2833,37.7001],[126.2851,37.6962],[126.2963,37.6904],[126.3133,37.6846],[126.3173,37.6817],[126.3268,37.662],[126.3234,37.6591],[126.3226,37.6445],[126.325,37.6414],[126.3428,37.6436],[126.3519,37.6487],[126.3766,37.6679],[126.3796,37.6822],[126.3719,37.6952],[126.3464,37.6992],[126.3395,37.7027],[126.3382,37.7074],[126.3317,37.709],[126.3297,37.7154],[126.3206,37.7161],[126.323,37.7319],[126.3304,37.7468]]],[[[126.2743,37.632],[126.276,37.6382],[126.2744,37.6442],[126.2763,37.6507],[126.2698,37.6565],[126.2659,37.6483],[126.2688,37.6374],[126.2743,37.632]]],[[[126.244,37.6528],[126.2329,37.6565],[126.2254,37.6489],[126.2338,37.6379],[126.2459,37.631],[126.2543,37.6324],[126.2514,37.6431],[126.2572,37.6527],[126.2531,37.6544],[126.244,37.6528]]],[[[126.235,37.6622],[126.2238,37.6663],[126.2214,37.6629],[126.2244,37.6579],[126.235,37.6622]]],[[[126.1963,37.6849],[126.1882,37.6849],[126.1722,37.6767],[126.1668,37.6799],[126.1611,37.6789],[126.1547,37.6727],[126.1686,37.6684],[126.1777,37.6695],[126.1891,37.664],[126.1941,37.6584],[126.2048,37.6563],[126.2112,37.667],[126.2053,37.6698],[126.1962,37.6817],[126.1963,37.6849]]],[[[126.1286,37.6917],[126.1219,37.6901],[126.1266,37.6816],[126.1317,37.6826],[126.1442,37.6814],[126.1439,37.6859],[126.1286,37.6917]]]]}},{"type":"Feature","properties":{"name":"옹진군","sido":"28","code":"28720"},"geometry":{"type":"MultiPolygon","coordinates":[[[[126.4111,37.5261],[126.414,37.5402],[126.4037,37.5358],[126.4011,37.5314],[126.4047,37.5274],[126.4111,37.5261]]],[[[126.4725,37.5376],[126.4662,37.5391],[126.4614,37.5445],[126.457,37.5445],[126.4549,37.5381],[126.449,37.5335],[126.4436,37.5341],[126.4325,37.5245],[126.4293,37.5184],[126.4368,37.5147],[126.4509,37.5189],[126.4584,37.5172],[126.4638,37.511],[126.4685,37.5163],[126.4739,37.5287],[126.4725,37.5376]]],[[[126.432,37.5454],[126.424,37.5467],[126.4202,37.5378],[126.4219,37.533],[126.4162,37.522],[126.4222,37.5228],[126.4316,37.531],[126.4351,37.5398],[126.432,37.5454]]],[[[126.3298,37.5507],[126.3099,37.5602],[126.309,37.5561],[126.3274,37.5426],[126.3297,37.5355],[126.3298,37.5255],[126.3607,37.5307],[126.3791,37.5286],[126.384,37.5308],[126.3845,37.5386],[126.3649,37.5349],[126.353,37.5356],[126.3435,37.5395],[126.3375,37.5518],[126.3298,37.5507]]],[[[125.72,37.6047],[125.721,37.614],[125.7134,37.6156],[125.7058,37.6119],[125.7112,37.6069],[125.72,37.6047]]],[[[125.7158,37.6801],[125.7041,37.6812],[125.6921,37.6774],[125.6835,37.6812],[125.6768,37.6796],[125.6776,37.674],[125.6838,37.6709],[125.6849,37.6647],[125.6812,37.6627],[125.6829,37.6537],[125.6927,37.6518],[125.7104,37.6662],[125.7172,37.6753],[125.7158,37.6801]]],[[[124.7067,37.9834],[124.6958,37.9828],[124.6911,37.9796],[124.6831,37.982],[124.6742,37.9819],[124.6678,37.9774],[124.6551,37.973],[124.6474,37.9734],[124.6382,37.9691],[124.6234,37.9767],[124.6156,37.9781],[124.6098,37.9701],[124.6112,37.9609],[124.6242,37.9543],[124.6223,37.9471],[124.6303,37.9374],[124.6334,37.9295],[124.6386,37.9225],[124.6556,37.9207],[124.6651,37.9225],[124.6715,37.9193],[124.6799,37.922],[124.6897,37.9145],[124.6963,37.917],[124.6986,37.9251],[124.7044,37.9307],[124.7039,37.9382],[124.708,37.9441],[124.7278,37.9542],[124.7463,37.9587],[124.7329,37.9657],[124.7295,37.9783],[124.7216,37.982],[124.7067,37.9834]]],[[[124.7694,37.7797],[124.7511,37.7777],[124.742,37.7757],[124.7343,37.7709],[124.732,37.7645],[124.7407,37.7657],[124.7527,37.7698],[124.7645,37.7656],[124.7721,37.7774],[124.7694,37.7797]]],[[[124.7069,37.8468],[124.7,37.8403],[124.6917,37.8386],[124.6807,37.8274],[124.6793,37.8222],[124.6718,37.8173],[124.6768,37.8133],[124.6838,37.8128],[124.6843,37.8064],[124.6971,37.8085],[124.7013,37.8045],[124.7117,37.807],[124.7205,37.8164],[124.7182,37.8265],[124.7139,37.8295],[124.7184,37.8358],[124.7286,37.8392],[124.718,37.8467],[124.7069,37.8468]]],[[[125.9826,37.0399],[125.979,37.0337],[125.9831,37.0242],[125.9904,37.0234],[125.9967,37.0181],[126.0018,37.0188],[126.014,37.0242],[125.995,37.027],[125.9945,37.0348],[125.9868,37.0406],[125.9826,37.0399]]],[[[125.9547,37.0893],[125.9488,37.0884],[125.9448,37.0788],[125.9529,37.0708],[125.9559,37.0756],[125.9518,37.0816],[125.9531,37.0853],[125.9646,37.0809],[125.9672,37.0874],[125.962,37.0899],[125.9547,37.0893]]],[[[125.8808,37.1751],[125.868,37.1747],[125.8693,37.169],[125.8784,37.1711],[125.8808,37.1751]]],[[[126.097,37.1873],[126.0925,37.1877],[126.0849,37.1791],[126.087,37.1728],[126.094,37.167],[126.1104,37.1655],[126.1126,37.1705],[126.1052,37.182],[126.097,37.1873]]],[[[125.9764,37.1936],[125.9727,37.1897],[125.9604,37.1847],[125.9614,37.1824],[125.9799,37.1885],[125.9764,37.1936]]],[[[126.1708,37.2269],[126.1596,37.2182],[126.1626,37.2131],[126.1778,37.2108],[126.1815,37.1954],[126.1919,37.2093],[126.1826,37.2094],[126.1799,37.218],[126.1731,37.2221],[126.1708,37.2269]]],[[[126.1058,37.2741],[126.1004,37.2728],[126.1017,37.265],[126.098,37.2622],[126.0955,37.2538],[126.0895,37.2473],[126.0913,37.2299],[126.0855,37.2241],[126.0891,37.2203],[126.097,37.2299],[126.103,37.2297],[126.104,37.2196],[126.1126,37.2223],[126.1159,37.2162],[126.1121,37.212],[126.1174,37.2093],[126.1268,37.2126],[126.1431,37.2135],[126.1433,37.2096],[126.133,37.2026],[126.1492,37.2042],[126.1573,37.216],[126.1493,37.2164],[126.1491,37.223],[126.1627,37.2287],[126.1662,37.2326],[126.1519,37.2392],[126.1448,37.2387],[126.1373,37.2469],[126.1287,37.2518],[126.1207,37.2474],[126.1171,37.251],[126.1189,37.258],[126.1117,37.2584],[126.1099,37.2736],[126.1058,37.2741]]],[[[126.0924,37.2754],[126.0979,37.2797],[126.0816,37.2901],[126.075,37.2894],[126.0752,37.2849],[126.0852,37.2809],[126.0868,37.2757],[126.0924,37.2754]]],[[[126.0797,37.1085],[126.0767,37.1062],[126.0663,37.1056],[126.0602,37.0961],[126.0657,37.0929],[126.0622,37.0885],[126.0675,37.0834],[126.0754,37.0838],[126.0889,37.0949],[126.0897,37.0989],[126.0855,37.1077],[126.0797,37.1085]]],[[[126.2965,37.1736],[126.2895,37.1721],[126.3066,37.161],[126.3204,37.1581],[126.3259,37.1613],[126.3122,37.1723],[126.2965,37.1736]]],[[[126.2561,37.1818],[126.2437,37.1761],[126.2493,37.1698],[126.2544,37.1708],[126.2657,37.1676],[126.2798,37.157],[126.2848,37.1621],[126.2746,37.1647],[126.2715,37.1762],[126.2664,37.1759],[126.2617,37.1811],[126.2561,37.1818]]],[[[126.2166,37.1891],[126.2148,37.1822],[126.2193,37.1784],[126.2378,37.1777],[126.2413,37.1811],[126.2403,37.1866],[126.2275,37.188],[126.224,37.1822],[126.2183,37.1843],[126.2166,37.1891]]],[[[126.3143,37.2117],[126.3197,37.2123],[126.3197,37.2187],[126.3127,37.2166],[126.3143,37.2117]]],[[[126.2978,37.2661],[126.2842,37.2689],[126.2803,37.259],[126.2858,37.26],[126.2969,37.2519],[126.304,37.2533],[126.3107,37.2489],[126.3253,37.2475],[126.3313,37.2454],[126.3429,37.25],[126.3488,37.259],[126.3383,37.2636],[126.3337,37.2614],[126.3337,37.2556],[126.3261,37.2571],[126.3154,37.2625],[126.3074,37.263],[126.2978,37.2661]]],[[[126.5241,37.2576],[126.5144,37.2572],[126.5151,37.2505],[126.5206,37.2499],[126.5257,37.2451],[126.5239,37.2355],[126.5322,37.2319],[126.5406,37.2338],[126.5344,37.2389],[126.5296,37.2521],[126.5241,37.2576]]],[[[126.4721,37.2845],[126.4516,37.2823],[126.4538,37.2785],[126.4471,37.2719],[126.4336,37.2741],[126.4358,37.2654],[126.4296,37.2639],[126.435,37.2547],[126.4315,37.2472],[126.4316,37.233],[126.4526,37.229],[126.457,37.2242],[126.4687,37.2322],[126.4704,37.2383],[126.4815,37.2411],[126.4824,37.2549],[126.4917,37.2594],[126.4984,37.2531],[126.5016,37.2583],[126.4965,37.2646],[126.4943,37.2714],[126.4969,37.2774],[126.487,37.2826],[126.4827,37.2813],[126.4721,37.2845]]]]}},{"type":"Feature","properties":{"name":"수원시 장안구","sido":"41","code":"41111"},"geometry":{"type":"Polygon","coordinates":[[[126.97,37.3169],[126.9663,37.3082],[126.9611,37.302],[126.9681,37.2943],[126.9697,37.2878],[126.9788,37.2866],[126.9844,37.2913],[126.9861,37.2894],[126.9905,37.2862],[127.0006,37.2898],[127.0053,37.2866],[127.0092,37.2855],[127.0176,37.2878],[127.0247,37.2895],[127.0251,37.2895],[127.0339,37.2932],[127.0326,37.2988],[127.0342,37.3138],[127.0399,37.3213],[127.0383,37.3285],[127.0315,37.337],[127.0334,37.3447],[127.0188,37.3516],[127.0127,37.3469],[127.0061,37.3381],[127.0005,37.3385],[126.9914,37.334],[126.9809,37.3266],[126.9712,37.3318],[126.9669,37.3232],[126.97,37.3169]]]}},{"type":"Feature","properties":{"name":"수원시 권선구","sido":"41","code":"41113"},"geometry":{"type":"Polygon","coordinates":[[[127.001,37.2634],[127.0004,37.2642],[126.9974,37.2699],[126.9954,37.2736],[126.9931,37.2774],[126.9869,37.2748],[126.9866,37.2821],[126.9813,37.2835],[126.9788,37.2866],[126.9697,37.2878],[126.9681,37.2943],[126.9611,37.302],[126.9416,37.301],[126.933,37.303],[126.9393,37.295],[126.933,37.2916],[126.9274,37.2788],[126.9273,37.2714],[126.9308,37.261],[126.9358,37.2568],[126.9465,37.2575],[126.9522,37.2515],[126.9567,37.2452],[126.9578,37.2398],[126.967,37.2356],[126.9704,37.2292],[126.9782,37.2296],[126.9881,37.2336],[126.9976,37.2302],[127.0037,37.2293],[127.0081,37.2278],[127.0226,37.2249],[127.0229,37.2295],[127.0296,37.232],[127.0397,37.2435],[127.0425,37.2512],[127.0395,37.2542],[127.0367,37.2565],[127.0305,37.2582],[127.0293,37.2623],[127.0207,37.2645],[127.0122,37.2663],[127.0098,37.2676],[127.0072,37.2636],[127.001,37.2634]]]}},{"type":"Feature","properties":{"name":"수원시 팔달구","sido":"41","code":"41115"},"geometry":{"type":"Polygon","coordinates":[[[127.0247,37.2895],[127.0176,37.2878],[127.0092,37.2855],[127.0053,37.2866],[127.0006,37.2898],[126.9905,37.2862],[126.9861,37.2894],[126.9844,37.2913],[126.9788,37.2866],[126.9813,37.2835],[126.9866,37.2821],[126.9869,37.2748],[126.9931,37.2774],[126.9954,37.2736],[126.9974,37.2699],[127.0004,37.2642],[127.001,37.2634],[127.0072,37.2636],[127.0098,37.2676],[127.0122,37.2663],[127.0207,37.2645],[127.0293,37.2623],[127.0305,37.2582],[127.0367,37.2565],[127.0404,37.2653],[127.037,37.2751],[127.0404,37.2759],[127.0441,37.2747],[127.0418,37.2841],[127.0441,37.2854],[127.0388,37.2848],[127.0432,37.2904],[127.0339,37.2932],[127.0251,37.2895],[127.0247,37.2895]]]}},{"type":"Feature","properties":{"name":"수원시 영통구","sido":"41","code":"41117"},"geometry":{"type":"Polygon","coordinates":[[[127.0404,37.2759],[127.037,37.2751],[127.0404,37.2653],[127.0367,37.2565],[127.0395,37.2542],[127.0425,37.2512],[127.0397,37.2435],[127.0426,37.2468],[127.042,37.2451],[127.0391,37.2372],[127.045,37.2332],[127.0517,37.2343],[127.0563,37.2329],[127.0667,37.2401],[127.0662,37.2439],[127.0821,37.2494],[127.0824,37.2545],[127.0812,37.2606],[127.0862,37.2648],[127.0855,37.2705],[127.076,37.2657],[127.0709,37.2665],[127.0647,37.2711],[127.0681,37.2756],[127.0695,37.2787],[127.0841,37.2863],[127.0886,37.2869],[127.0883,37.2932],[127.0899,37.2984],[127.0798,37.2954],[127.0793,37.2933],[127.0619,37.2964],[127.0582,37.3049],[127.0606,37.3109],[127.0577,37.3156],[127.049,37.3159],[127.0399,37.3213],[127.0342,37.3138],[127.0326,37.2988],[127.0339,37.2932],[127.0432,37.2904],[127.0388,37.2848],[127.0441,37.2854],[127.0418,37.2841],[127.0441,37.2747],[127.0404,37.2759]]]}},{"type":"Feature","properties":{"name":"성남시 수정구","sido":"41","code":"41131"},"geometry":{"type":"Polygon","coordinates":[[[127.1446,37.4395],[127.1523,37.4426],[127.1569,37.445],[127.157,37.4451],[127.1573,37.4457],[127.1608,37.4542],[127.1663,37.4607],[127.174,37.4661],[127.176,37.4722],[127.1646,37.4691],[127.1545,37.4737],[127.1434,37.4741],[127.1326,37.4748],[127.1306,37.4676],[127.1266,37.4689],[127.1223,37.4652],[127.1167,37.4586],[127.1063,37.4625],[127.1035,37.4596],[127.0963,37.4614],[127.0883,37.4486],[127.088,37.4451],[127.0823,37.4412],[127.0734,37.4393],[127.0705,37.4301],[127.0632,37.4297],[127.0475,37.4309],[127.0418,37.4269],[127.0417,37.4156],[127.0468,37.4136],[127.0428,37.4082],[127.0437,37.4042],[127.0559,37.4024],[127.0631,37.3987],[127.084,37.397],[127.089,37.401],[127.0947,37.4057],[127.1026,37.4097],[127.1066,37.4077],[127.1183,37.4112],[127.118,37.4152],[127.1178,37.4222],[127.1179,37.4265],[127.1184,37.4323],[127.1347,37.4347],[127.1408,37.4374],[127.1445,37.4395],[127.1446,37.4395]]]}},{"type":"Feature","properties":{"name":"성남시 중원구","sido":"41","code":"41133"},"geometry":{"type":"Polygon","coordinates":[[[127.1408,37.4374],[127.1347,37.4347],[127.1184,37.4323],[127.1179,37.4265],[127.1178,37.4222],[127.118,37.4152],[127.1221,37.4169],[127.1339,37.417],[127.1436,37.415],[127.1466,37.411],[127.1553,37.4108],[127.1647,37.4067],[127.1743,37.4054],[127.1803,37.4159],[127.1946,37.4254],[127.1944,37.4328],[127.1957,37.4451],[127.191,37.4574],[127.1844,37.4588],[127.1816,37.4605],[127.1811,37.4733],[127.176,37.4722],[127.174,37.4661],[127.1663,37.4607],[127.1608,37.4542],[127.1573,37.4457],[127.157,37.4451],[127.1569,37.445],[127.1523,37.4426],[127.1446,37.4395],[127.1445,37.4395],[127.1408,37.4374]]]}},{"type":"Feature","properties":{"name":"성남시 분당구","sido":"41","code":"41135"},"geometry":{"type":"Polygon","coordinates":[[[127.1608,37.3742],[127.1617,37.3797],[127.1679,37.3804],[127.1767,37.3851],[127.1684,37.3925],[127.1687,37.3954],[127.1743,37.4054],[127.1647,37.4067],[127.1553,37.4108],[127.1466,37.411],[127.1436,37.415],[127.1339,37.417],[127.1221,37.4169],[127.118,37.4152],[127.1183,37.4112],[127.1066,37.4077],[127.1026,37.4097],[127.0947,37.4057],[127.089,37.401],[127.084,37.397],[127.0631,37.3987],[127.0559,37.4024],[127.0437,37.4042],[127.0374,37.4008],[127.0387,37.3913],[127.0354,37.3888],[127.0271,37.3756],[127.0279,37.3721],[127.0463,37.3682],[127.0529,37.3611],[127.0631,37.3604],[127.0709,37.3577],[127.0745,37.3532],[127.0781,37.3491],[127.0836,37.352],[127.097,37.3432],[127.1022,37.3424],[127.1027,37.34],[127.1127,37.3357],[127.1169,37.3334],[127.1233,37.337],[127.1363,37.3396],[127.138,37.3412],[127.1317,37.3512],[127.1339,37.3585],[127.1395,37.36],[127.1444,37.3594],[127.1529,37.3635],[127.1608,37.3742]]]}},{"type":"Feature","properties":{"name":"의정부시","sido":"41","code":"41150"},"geometry":{"type":"Polygon","coordinates":[[[127.0451,37.6924],[127.0482,37.6939],[127.0508,37.687],[127.0546,37.6893],[127.0651,37.6898],[127.0688,37.6941],[127.0811,37.6961],[127.0838,37.7017],[127.0966,37.7022],[127.109,37.7086],[127.1122,37.7177],[127.123,37.7221],[127.1258,37.7275],[127.1237,37.7386],[127.1282,37.7471],[127.1362,37.7493],[127.1425,37.7478],[127.1467,37.7548],[127.1397,37.7641],[127.1334,37.7623],[127.1254,37.7633],[127.1291,37.7669],[127.1281,37.7718],[127.1107,37.7794],[127.1043,37.7797],[127.0847,37.7736],[127.0643,37.7636],[127.0528,37.7614],[127.0412,37.7667],[127.0255,37.7669],[127.0173,37.7686],[127.0047,37.7632],[127.0023,37.7628],[127.0021,37.7514],[127.0046,37.7432],[127.0031,37.7386],[127.0127,37.7256],[127.0141,37.7192],[127.0135,37.7139],[127.0194,37.7073],[127.0158,37.701],[127.0281,37.7006],[127.0311,37.6929],[127.0416,37.6954],[127.0451,37.6924]]]}},{"type":"Feature","properties":{"name":"안양시 만안구","sido":"41","code":"41171"},"geometry":{"type":"Polygon","coordinates":[[[126.9278,37.4008],[126.9294,37.4134],[126.9371,37.4142],[126.9463,37.4217],[126.948,37.4223],[126.9482,37.4385],[126.9386,37.436],[126.9378,37.4402],[126.931,37.4478],[126.9287,37.4502],[126.9211,37.4441],[126.9152,37.4401],[126.9093,37.4342],[126.9019,37.4364],[126.9005,37.4374],[126.8958,37.4306],[126.8965,37.4256],[126.8896,37.4178],[126.8889,37.4126],[126.8799,37.4102],[126.8712,37.4125],[126.8709,37.4067],[126.877,37.4021],[126.8761,37.3947],[126.8819,37.3762],[126.8911,37.3753],[126.8972,37.3581],[126.9055,37.3588],[126.907,37.3597],[126.9138,37.3728],[126.9175,37.3768],[126.9192,37.3769],[126.9214,37.3765],[126.9349,37.377],[126.9412,37.3768],[126.9408,37.3791],[126.9413,37.3918],[126.9315,37.3974],[126.9278,37.4008]]]}},{"type":"Feature","properties":{"name":"안양시 동안구","sido":"41","code":"41173"},"geometry":{"type":"Polygon","coordinates":[[[126.9315,37.3974],[126.9413,37.3918],[126.9408,37.3791],[126.9453,37.377],[126.9467,37.3757],[126.9458,37.374],[126.9456,37.3738],[126.9503,37.3674],[126.9539,37.3663],[126.9621,37.3616],[126.9658,37.3728],[126.9662,37.3733],[126.9714,37.3803],[126.9729,37.3868],[126.9742,37.3885],[126.9818,37.3944],[126.9795,37.3959],[126.9826,37.4007],[126.9785,37.4032],[126.9753,37.4126],[126.9708,37.4163],[126.964,37.4191],[126.9623,37.429],[126.9642,37.4314],[126.9638,37.4408],[126.9482,37.4385],[126.948,37.4223],[126.9463,37.4217],[126.9371,37.4142],[126.9294,37.4134],[126.9278,37.4008],[126.9315,37.3974]]]}},{"type":"Feature","properties":{"name":"광명시","sido":"41","code":"41210"},"geometry":{"type":"Polygon","coordinates":[[[126.8631,37.491],[126.8565,37.4857],[126.8535,37.4826],[126.8483,37.4824],[126.8465,37.4817],[126.8456,37.4745],[126.833,37.4773],[126.8335,37.4687],[126.826,37.4594],[126.8331,37.4604],[126.8388,37.4557],[126.8378,37.4369],[126.8446,37.421],[126.8463,37.4125],[126.8537,37.4055],[126.862,37.4015],[126.877,37.4021],[126.8709,37.4067],[126.8712,37.4125],[126.8799,37.4102],[126.8889,37.4126],[126.8896,37.4178],[126.8965,37.4256],[126.8958,37.4306],[126.9005,37.4374],[126.8982,37.4447],[126.8941,37.4526],[126.8864,37.4562],[126.8868,37.4647],[126.8858,37.4658],[126.8807,37.4719],[126.8739,37.4833],[126.874,37.4851],[126.8747,37.4854],[126.8683,37.4951],[126.867,37.493],[126.8631,37.491]]]}},{"type":"Feature","properties":{"name":"평택시","sido":"41","code":"41220"},"geometry":{"type":"Polygon","coordinates":[[[127.1044,36.9661],[127.1111,36.9709],[127.1195,36.9691],[127.1245,36.9768],[127.134,36.9768],[127.1411,36.9797],[127.1312,36.9856],[127.1362,36.9934],[127.1448,36.9972],[127.1539,36.9978],[127.1523,37.0026],[127.1462,37.0105],[127.1454,37.0167],[127.1525,37.0215],[127.1531,37.0295],[127.1372,37.0339],[127.1223,37.0351],[127.1169,37.0272],[127.1053,37.0357],[127.1148,37.0422],[127.1222,37.0504],[127.1276,37.0529],[127.1306,37.058],[127.1253,37.0647],[127.1185,37.0627],[127.1067,37.0649],[127.1028,37.0678],[127.1038,37.0752],[127.1214,37.0764],[127.1264,37.0816],[127.1231,37.0913],[127.1126,37.1139],[127.1087,37.1248],[127.1149,37.1297],[127.1208,37.1299],[127.1227,37.1445],[127.1036,37.1436],[127.0979,37.1369],[127.0916,37.1373],[127.089,37.1279],[127.0793,37.1282],[127.0711,37.1256],[127.0651,37.1319],[127.0557,37.1335],[127.0523,37.1296],[127.0409,37.1291],[127.0356,37.136],[127.0242,37.1332],[127.0175,37.1299],[127.0054,37.1281],[126.9991,37.1236],[126.9981,37.1231],[127.0021,37.1218],[126.9967,37.112],[126.997,37.0978],[126.9989,37.0932],[126.9917,37.0848],[126.9951,37.07],[126.9846,37.0717],[126.9755,37.0706],[126.9688,37.0734],[126.9664,37.0691],[126.9514,37.0686],[126.9404,37.0608],[126.932,37.0626],[126.9272,37.0679],[126.9194,37.0652],[126.9063,37.0693],[126.9049,37.0736],[126.9008,37.0701],[126.8838,37.0665],[126.8825,37.0608],[126.8607,37.0299],[126.8531,37.02],[126.8469,37.0158],[126.8381,37.0137],[126.8069,37.0127],[126.7969,37.0121],[126.7952,37.0059],[126.7818,37.0037],[126.7871,36.9952],[126.7936,36.9951],[126.7997,36.9994],[126.8108,36.9956],[126.8242,36.996],[126.8273,36.9929],[126.8254,36.9871],[126.8388,36.9679],[126.8359,36.9666],[126.8499,36.9454],[126.859,36.9505],[126.8624,36.9488],[126.8655,36.939],[126.8642,36.9327],[126.887,36.9361],[126.8927,36.9348],[126.9006,36.9306],[126.9045,36.926],[126.909,36.9049],[126.9171,36.9054],[126.9432,36.918],[126.9729,36.9262],[126.9853,36.9325],[126.9954,36.9355],[127.0159,36.9345],[127.0317,36.9283],[127.0382,36.9325],[127.0481,36.9335],[127.0606,36.9395],[127.0739,36.9384],[127.0861,36.9478],[127.0947,36.9418],[127.0975,36.9498],[127.0963,36.9592],[127.1044,36.9661]]]}},{"type":"Feature","properties":{"name":"동두천시","sido":"41","code":"41250"},"geometry":{"type":"Polygon","coordinates":[[[127.096,37.9436],[127.0956,37.949],[127.0991,37.9525],[127.0922,37.9601],[127.0941,37.968],[127.0917,37.9714],[127.0846,37.9756],[127.0762,37.9767],[127.0661,37.9753],[127.0644,37.9796],[127.0533,37.9813],[127.0449,37.97],[127.0392,37.9578],[127.0293,37.9557],[127.0276,37.9432],[127.0168,37.9366],[127.01,37.9276],[127.0123,37.9184],[127.0079,37.9161],[127.0107,37.9045],[127.0362,37.8959],[127.0463,37.8938],[127.0483,37.8829],[127.0595,37.8702],[127.0625,37.8692],[127.0737,37.8728],[127.0775,37.871],[127.0879,37.8721],[127.1029,37.8656],[127.1092,37.8599],[127.1137,37.8655],[127.1232,37.8672],[127.1286,37.8739],[127.147,37.876],[127.1534,37.8905],[127.1557,37.8957],[127.1497,37.8979],[127.1466,37.9108],[127.1328,37.9159],[127.1209,37.917],[127.1152,37.9283],[127.108,37.9391],[127.096,37.9436]]]}},{"type":"Feature","properties":{"name":"안산시 상록구","sido":"41","code":"41271"},"geometry":{"type":"Polygon","coordinates":[[[126.8742,37.3209],[126.8728,37.3262],[126.8767,37.3326],[126.8809,37.3336],[126.8868,37.3402],[126.8873,37.3467],[126.8972,37.3581],[126.8911,37.3753],[126.8819,37.3762],[126.8648,37.3615],[126.8545,37.3603],[126.8483,37.3651],[126.8408,37.3637],[126.8352,37.3489],[126.8418,37.3428],[126.8371,37.339],[126.8415,37.3342],[126.8418,37.3281],[126.841,37.3203],[126.8431,37.3163],[126.8421,37.3072],[126.8354,37.3035],[126.821,37.3036],[126.8163,37.298],[126.8139,37.2951],[126.8285,37.2889],[126.828,37.2798],[126.8337,37.2777],[126.8378,37.2754],[126.8413,37.2686],[126.8465,37.2659],[126.8527,37.272],[126.8582,37.2742],[126.8713,37.2747],[126.8782,37.2792],[126.8862,37.2805],[126.8995,37.2902],[126.8984,37.294],[126.9055,37.2899],[126.9139,37.2915],[126.9176,37.2854],[126.9274,37.2788],[126.933,37.2916],[126.9393,37.295],[126.933,37.303],[126.9304,37.3071],[126.9153,37.3056],[126.9142,37.3159],[126.9082,37.3216],[126.8877,37.3179],[126.8781,37.3195],[126.8742,37.3209]]]}},{"type":"Feature","properties":{"name":"안산시 단원구","sido":"41","code":"41273"},"geometry":{"type":"MultiPolygon","coordinates":[[[[126.8352,37.3489],[126.8408,37.3637],[126.8316,37.3617],[126.8237,37.3631],[126.8167,37.3577],[126.8102,37.3556],[126.8022,37.3531],[126.7953,37.3551],[126.7916,37.3525],[126.7921,37.3431],[126.7892,37.3402],[126.7764,37.342],[126.7706,37.3404],[126.7639,37.3416],[126.7581,37.3385],[126.7502,37.334],[126.7477,37.3256],[126.7385,37.3297],[126.724,37.3147],[126.7172,37.3075],[126.7256,37.3023],[126.7726,37.2894],[126.783,37.2923],[126.8042,37.2963],[126.8072,37.2993],[126.8163,37.298],[126.821,37.3036],[126.8354,37.3035],[126.8421,37.3072],[126.8431,37.3163],[126.841,37.3203],[126.8418,37.3281],[126.8415,37.3342],[126.8371,37.339],[126.8418,37.3428],[126.8352,37.3489]]],[[[126.4529,37.0948],[126.4577,37.097],[126.4512,37.1032],[126.4488,37.098],[126.4529,37.0948]]],[[[126.3971,37.1033],[126.3949,37.1126],[126.3896,37.1153],[126.382,37.1142],[126.3797,37.1079],[126.382,37.1022],[126.3971,37.1033]]],[[[126.5957,37.3019],[126.6148,37.3126],[126.6467,37.3218],[126.6452,37.3245],[126.6122,37.3151],[126.579,37.296],[126.5771,37.2909],[126.5695,37.2854],[126.5677,37.2814],[126.5604,37.2775],[126.5555,37.2841],[126.5486,37.28],[126.5508,37.2729],[126.5576,37.2667],[126.5595,37.2571],[126.5604,37.2425],[126.5543,37.2336],[126.5444,37.2336],[126.5435,37.2244],[126.5471,37.2207],[126.5432,37.2138],[126.5444,37.2063],[126.5579,37.2003],[126.5618,37.1933],[126.569,37.2009],[126.5766,37.2206],[126.5852,37.2206],[126.5884,37.2136],[126.5953,37.2141],[126.6029,37.2076],[126.6158,37.2092],[126.6116,37.219],[126.5995,37.2269],[126.6099,37.2326],[126.6234,37.227],[126.6292,37.218],[126.6394,37.2155],[126.6468,37.2108],[126.6423,37.2065],[126.6406,37.1979],[126.6456,37.1917],[126.6512,37.2001],[126.6464,37.2042],[126.6507,37.225],[126.6438,37.2288],[126.6226,37.2366],[126.6234,37.2432],[126.6146,37.2505],[126.6182,37.2574],[126.6091,37.2606],[126.6077,37.2634],[126.5969,37.2624],[126.5907,37.2641],[126.5855,37.2686],[126.5871,37.2722],[126.5726,37.2761],[126.5702,37.2798],[126.578,37.2883],[126.5822,37.2885],[126.5837,37.295],[126.5957,37.3019]]]]}},{"type":"Feature","properties":{"name":"고양시 덕양구","sido":"41","code":"41281"},"geometry":{"type":"Polygon","coordinates":[[[126.8161,37.6463],[126.812,37.6481],[126.8059,37.6438],[126.8021,37.645],[126.7953,37.6405],[126.7931,37.6277],[126.784,37.6315],[126.7743,37.6319],[126.774,37.6222],[126.7825,37.6166],[126.7979,37.6109],[126.8049,37.604],[126.8186,37.5936],[126.8268,37.588],[126.8321,37.5858],[126.8516,37.5733],[126.8536,37.5718],[126.8541,37.5739],[126.8771,37.5789],[126.8767,37.5841],[126.8822,37.5909],[126.8873,37.5886],[126.8998,37.5899],[126.9014,37.5983],[126.9021,37.6038],[126.9017,37.6057],[126.901,37.6125],[126.9052,37.6195],[126.9079,37.6254],[126.9088,37.6291],[126.9122,37.6444],[126.9053,37.6489],[126.9142,37.6447],[126.9213,37.6456],[126.9289,37.65],[126.937,37.6519],[126.9412,37.6572],[126.9473,37.6589],[126.9546,37.6548],[126.9617,37.6452],[126.9688,37.6387],[126.9718,37.6323],[126.9751,37.6314],[126.9846,37.6366],[126.9864,37.6407],[126.9837,37.6498],[126.9796,37.6549],[126.988,37.6633],[126.9943,37.6665],[126.9917,37.6795],[126.9793,37.6862],[126.973,37.6867],[126.9652,37.6925],[126.9544,37.6926],[126.951,37.6877],[126.9446,37.6848],[126.9447,37.6769],[126.9398,37.6708],[126.928,37.6707],[126.9113,37.6687],[126.9069,37.6754],[126.9148,37.6796],[126.914,37.6872],[126.9217,37.699],[126.9245,37.7117],[126.9205,37.7137],[126.925,37.7199],[126.9219,37.7302],[126.931,37.7375],[126.9297,37.7485],[126.9218,37.747],[126.9096,37.7472],[126.9009,37.7371],[126.9022,37.7284],[126.8947,37.7268],[126.8827,37.7193],[126.881,37.7262],[126.8734,37.7261],[126.8715,37.7293],[126.8566,37.7357],[126.848,37.7337],[126.8356,37.7281],[126.8399,37.7232],[126.8418,37.7164],[126.8498,37.698],[126.8549,37.6921],[126.8525,37.6888],[126.8481,37.6863],[126.8335,37.6831],[126.8322,37.6794],[126.8216,37.6721],[126.8194,37.6642],[126.8111,37.6595],[126.8161,37.6555],[126.8161,37.6463]]]}},{"type":"Feature","properties":{"name":"고양시 일산동구","sido":"41","code":"41285"},"geometry":{"type":"Polygon","coordinates":[[[126.8322,37.6794],[126.8335,37.6831],[126.8481,37.6863],[126.8525,37.6888],[126.8549,37.6921],[126.8498,37.698],[126.8418,37.7164],[126.8399,37.7232],[126.8356,37.7281],[126.823,37.7288],[126.814,37.7235],[126.7944,37.7343],[126.7961,37.7296],[126.7919,37.7242],[126.785,37.7209],[126.7733,37.7092],[126.7733,37.7043],[126.7813,37.6992],[126.7781,37.6958],[126.7779,37.6828],[126.7773,37.6789],[126.7776,37.6788],[126.7732,37.673],[126.7674,37.6662],[126.7583,37.666],[126.758,37.6661],[126.7563,37.6636],[126.751,37.6641],[126.7409,37.6539],[126.7409,37.6389],[126.7682,37.6237],[126.774,37.6222],[126.7743,37.6319],[126.784,37.6315],[126.7931,37.6277],[126.7953,37.6405],[126.8021,37.645],[126.8059,37.6438],[126.812,37.6481],[126.8161,37.6463],[126.8161,37.6555],[126.8111,37.6595],[126.8194,37.6642],[126.8216,37.6721],[126.8322,37.6794]]]}},{"type":"Feature","properties":{"name":"고양시 일산서구","sido":"41","code":"41287"},"geometry":{"type":"Polygon","coordinates":[[[126.7779,37.6828],[126.7781,37.6958],[126.7813,37.6992],[126.7733,37.7043],[126.7677,37.7066],[126.7611,37.704],[126.748,37.7031],[126.7402,37.7051],[126.7299,37.7049],[126.7284,37.7039],[126.7119,37.6997],[126.7046,37.6962],[126.6993,37.697],[126.6914,37.6891],[126.6765,37.7001],[126.667,37.6891],[126.6685,37.6802],[126.6735,37.6749],[126.6893,37.6662],[126.7093,37.6547],[126.7183,37.6493],[126.7358,37.6415],[126.7409,37.6389],[126.7409,37.6539],[126.751,37.6641],[126.7563,37.6636],[126.758,37.6661],[126.7583,37.666],[126.7674,37.6662],[126.7732,37.673],[126.7776,37.6788],[126.7773,37.6789],[126.7779,37.6828]]]}},{"type":"Feature","properties":{"name":"과천시","sido":"41","code":"41290"},"geometry":{"type":"Polygon","coordinates":[[[126.9687,37.4468],[126.9638,37.4408],[126.9642,37.4314],[126.9623,37.429],[126.964,37.4191],[126.9708,37.4163],[126.9753,37.4126],[126.9785,37.4032],[126.9826,37.4007],[126.9858,37.4066],[126.9919,37.4077],[127.0008,37.4057],[127.0084,37.4122],[127.0181,37.4132],[127.0284,37.4121],[127.0417,37.4156],[127.0418,37.4269],[127.0475,37.4309],[127.0411,37.4381],[127.0354,37.4412],[127.0384,37.4457],[127.0358,37.4575],[127.0299,37.4654],[127.0261,37.4585],[127.0111,37.4554],[127.0034,37.4673],[126.9963,37.4667],[126.9968,37.4622],[126.9886,37.4581],[126.9824,37.4552],[126.974,37.4476],[126.9708,37.4475],[126.9687,37.4468]]]}},{"type":"Feature","properties":{"name":"구리시","sido":"41","code":"41310"},"geometry":{"type":"Polygon","coordinates":[[[127.1157,37.6193],[127.117,37.6174],[127.1168,37.6099],[127.1166,37.6088],[127.118,37.6046],[127.114,37.5994],[127.1184,37.595],[127.1124,37.5919],[127.1101,37.5874],[127.1027,37.5841],[127.1027,37.5789],[127.1009,37.5736],[127.1033,37.5696],[127.1011,37.56],[127.1042,37.5599],[127.1138,37.5589],[127.1223,37.5643],[127.1338,37.5684],[127.1454,37.5683],[127.1529,37.5707],[127.1623,37.5764],[127.1686,37.5789],[127.1708,37.5809],[127.1623,37.5845],[127.1629,37.5945],[127.1541,37.5971],[127.1492,37.604],[127.149,37.6047],[127.147,37.6151],[127.1434,37.6206],[127.1444,37.629],[127.1485,37.6318],[127.1503,37.6394],[127.1417,37.6461],[127.129,37.6417],[127.1165,37.6434],[127.1112,37.6424],[127.111,37.6306],[127.1055,37.6273],[127.1057,37.6208],[127.1157,37.6193]]]}},{"type":"Feature","properties":{"name":"남양주시","sido":"41","code":"41360"},"geometry":{"type":"Polygon","coordinates":[[[127.2591,37.5356],[127.279,37.5264],[127.2848,37.5215],[127.2876,37.5135],[127.2891,37.5071],[127.3013,37.5105],[127.3071,37.5164],[127.3048,37.525],[127.3079,37.538],[127.3117,37.5455],[127.3213,37.5584],[127.3358,37.5807],[127.3415,37.5918],[127.3453,37.6109],[127.3522,37.6278],[127.3641,37.6381],[127.3711,37.6482],[127.3764,37.6601],[127.3792,37.6746],[127.3671,37.6901],[127.3613,37.6938],[127.3534,37.7038],[127.3555,37.7237],[127.3429,37.7296],[127.3424,37.7378],[127.3329,37.7465],[127.3338,37.753],[127.3186,37.7672],[127.3109,37.7681],[127.3021,37.7734],[127.2931,37.7762],[127.2741,37.774],[127.2665,37.7805],[127.2597,37.7684],[127.2405,37.7627],[127.2246,37.7536],[127.214,37.7606],[127.211,37.7646],[127.1909,37.7626],[127.1809,37.7631],[127.1733,37.7551],[127.1658,37.7529],[127.1538,37.7555],[127.1467,37.7548],[127.1425,37.7478],[127.1362,37.7493],[127.1282,37.7471],[127.1237,37.7386],[127.1258,37.7275],[127.123,37.7221],[127.1122,37.7177],[127.109,37.7086],[127.0966,37.7022],[127.0838,37.7017],[127.0811,37.6961],[127.0849,37.6908],[127.0959,37.6877],[127.0918,37.6792],[127.0956,37.6728],[127.094,37.6626],[127.0924,37.6581],[127.086,37.6559],[127.0928,37.6549],[127.0945,37.6458],[127.1066,37.6455],[127.1112,37.6424],[127.1165,37.6434],[127.129,37.6417],[127.1417,37.6461],[127.1503,37.6394],[127.1485,37.6318],[127.1444,37.629],[127.1434,37.6206],[127.147,37.6151],[127.149,37.6047],[127.1492,37.604],[127.1541,37.5971],[127.1629,37.5945],[127.1623,37.5845],[127.1708,37.5809],[127.1853,37.5917],[127.1993,37.5911],[127.2024,37.5882],[127.2062,37.5851],[127.2129,37.577],[127.2197,37.5739],[127.2219,37.5647],[127.2291,37.5634],[127.2342,37.5577],[127.2362,37.5505],[127.2384,37.545],[127.2485,37.5414],[127.2591,37.5356]]]}},{"type":"Feature","properties":{"name":"오산시","sido":"41","code":"41370"},"geometry":{"type":"Polygon","coordinates":[[[127.0778,37.1623],[127.0713,37.1682],[127.0711,37.184],[127.0653,37.1864],[127.065,37.1977],[127.0615,37.1994],[127.0504,37.1963],[127.0425,37.1976],[127.0371,37.1999],[127.0267,37.2004],[127.0247,37.1981],[127.0098,37.1924],[127.0078,37.187],[126.9965,37.1785],[127.0065,37.1681],[127.0166,37.1678],[127.024,37.1653],[127.0281,37.1631],[127.0288,37.155],[127.0326,37.1402],[127.0356,37.136],[127.0409,37.1291],[127.0523,37.1296],[127.0557,37.1335],[127.0651,37.1319],[127.0711,37.1256],[127.0793,37.1282],[127.089,37.1279],[127.0916,37.1373],[127.0979,37.1369],[127.1036,37.1436],[127.1009,37.1461],[127.098,37.1559],[127.089,37.1605],[127.0778,37.1623]]]}},{"type":"Feature","properties":{"name":"시흥시","sido":"41","code":"41390"},"geometry":{"type":"Polygon","coordinates":[[[126.8011,37.4637],[126.7998,37.4642],[126.7893,37.4657],[126.7843,37.4724],[126.7782,37.4718],[126.7798,37.4658],[126.7774,37.4575],[126.7783,37.4508],[126.7717,37.4503],[126.7688,37.4429],[126.771,37.4368],[126.7704,37.429],[126.761,37.4263],[126.7537,37.4225],[126.7533,37.4169],[126.7506,37.4076],[126.7438,37.4004],[126.7384,37.3965],[126.7365,37.3954],[126.7335,37.389],[126.7406,37.3869],[126.7426,37.3826],[126.7298,37.3856],[126.7165,37.3719],[126.7005,37.3547],[126.7032,37.3513],[126.6884,37.3489],[126.6856,37.3409],[126.6915,37.3359],[126.6711,37.3299],[126.6772,37.3201],[126.6924,37.319],[126.7061,37.3104],[126.7172,37.3075],[126.724,37.3147],[126.7385,37.3297],[126.7477,37.3256],[126.7502,37.334],[126.7581,37.3385],[126.7639,37.3416],[126.7706,37.3404],[126.7764,37.342],[126.7892,37.3402],[126.7921,37.3431],[126.7916,37.3525],[126.7953,37.3551],[126.8022,37.3531],[126.8102,37.3556],[126.8167,37.3577],[126.8237,37.3631],[126.8316,37.3617],[126.8408,37.3637],[126.8483,37.3651],[126.8545,37.3603],[126.8648,37.3615],[126.8819,37.3762],[126.8761,37.3947],[126.877,37.4021],[126.862,37.4015],[126.8537,37.4055],[126.8463,37.4125],[126.8446,37.421],[126.8378,37.4369],[126.8388,37.4557],[126.8331,37.4604],[126.826,37.4594],[126.8232,37.4583],[126.807,37.462],[126.8011,37.4637]]]}},{"type":"Feature","properties":{"name":"군포시","sido":"41","code":"41410"},"geometry":{"type":"Polygon","coordinates":[[[126.9539,37.3663],[126.9503,37.3674],[126.9456,37.3738],[126.9458,37.374],[126.9467,37.3757],[126.9453,37.377],[126.9408,37.3791],[126.9412,37.3768],[126.9349,37.377],[126.9214,37.3765],[126.9192,37.3769],[126.9175,37.3768],[126.9138,37.3728],[126.907,37.3597],[126.9055,37.3588],[126.8972,37.3581],[126.8873,37.3467],[126.8868,37.3402],[126.8809,37.3336],[126.8767,37.3326],[126.8728,37.3262],[126.8742,37.3209],[126.8781,37.3195],[126.8877,37.3179],[126.9082,37.3216],[126.9142,37.3159],[126.9153,37.3056],[126.9304,37.3071],[126.9328,37.3089],[126.9296,37.317],[126.9387,37.3225],[126.9451,37.3203],[126.9474,37.3281],[126.9478,37.3308],[126.9479,37.3312],[126.9486,37.3398],[126.9544,37.3411],[126.9582,37.3472],[126.9624,37.3553],[126.9621,37.3616],[126.9539,37.3663]]]}},{"type":"Feature","properties":{"name":"의왕시","sido":"41","code":"41430"},"geometry":{"type":"Polygon","coordinates":[[[127.0061,37.3381],[127.0127,37.3469],[127.0188,37.3516],[127.0169,37.3537],[127.0161,37.3566],[127.024,37.3642],[127.0279,37.3721],[127.0271,37.3756],[127.0354,37.3888],[127.0387,37.3913],[127.0374,37.4008],[127.0437,37.4042],[127.0428,37.4082],[127.0468,37.4136],[127.0417,37.4156],[127.0284,37.4121],[127.0181,37.4132],[127.0084,37.4122],[127.0008,37.4057],[126.9919,37.4077],[126.9858,37.4066],[126.9826,37.4007],[126.9795,37.3959],[126.9818,37.3944],[126.9742,37.3885],[126.9729,37.3868],[126.9714,37.3803],[126.9662,37.3733],[126.9658,37.3728],[126.9621,37.3616],[126.9624,37.3553],[126.9582,37.3472],[126.9544,37.3411],[126.9486,37.3398],[126.9479,37.3312],[126.9478,37.3308],[126.9474,37.3281],[126.9451,37.3203],[126.9387,37.3225],[126.9296,37.317],[126.9328,37.3089],[126.9304,37.3071],[126.933,37.303],[126.9416,37.301],[126.9611,37.302],[126.9663,37.3082],[126.97,37.3169],[126.9669,37.3232],[126.9712,37.3318],[126.9809,37.3266],[126.9914,37.334],[127.0005,37.3385],[127.0061,37.3381]]]}},{"type":"Feature","properties":{"name":"하남시","sido":"41","code":"41450"},"geometry":{"type":"Polygon","coordinates":[[[127.2362,37.5505],[127.2342,37.5577],[127.2291,37.5634],[127.2219,37.5647],[127.2197,37.5739],[127.2129,37.577],[127.2062,37.5851],[127.2024,37.5882],[127.1993,37.5911],[127.1853,37.5917],[127.1708,37.5809],[127.1686,37.5789],[127.174,37.5796],[127.1795,37.5665],[127.1819,37.5589],[127.1836,37.5458],[127.1741,37.5454],[127.1632,37.545],[127.1604,37.5416],[127.1536,37.534],[127.1533,37.5293],[127.1458,37.522],[127.1446,37.517],[127.1447,37.5155],[127.1402,37.5084],[127.1444,37.5044],[127.1532,37.5028],[127.1536,37.5027],[127.1565,37.5019],[127.1576,37.5031],[127.1601,37.4972],[127.1601,37.4946],[127.16,37.4944],[127.16,37.4942],[127.1577,37.4902],[127.1498,37.4853],[127.1474,37.4772],[127.1434,37.4741],[127.1545,37.4737],[127.1646,37.4691],[127.176,37.4722],[127.1811,37.4733],[127.1758,37.4768],[127.1758,37.4853],[127.1787,37.4852],[127.1855,37.481],[127.198,37.4796],[127.2026,37.4817],[127.2068,37.4803],[127.2157,37.4823],[127.2262,37.4797],[127.2375,37.4749],[127.2462,37.4778],[127.2538,37.4846],[127.2591,37.4921],[127.2555,37.4962],[127.2544,37.506],[127.2682,37.5062],[127.2764,37.5083],[127.2796,37.5126],[127.2876,37.5135],[127.2848,37.5215],[127.279,37.5264],[127.2591,37.5356],[127.2485,37.5414],[127.2384,37.545],[127.2362,37.5505]]]}},{"type":"Feature","properties":{"name":"용인시 처인구","sido":"41","code":"41461"},"geometry":{"type":"Polygon","coordinates":[[[127.2786,37.3054],[127.2773,37.3095],[127.2831,37.319],[127.2802,37.3322],[127.2832,37.3365],[127.2833,37.3453],[127.2754,37.3432],[127.265,37.3427],[127.261,37.3487],[127.2469,37.3556],[127.241,37.3535],[127.2388,37.3597],[127.2286,37.3589],[127.2226,37.3544],[127.2168,37.3407],[127.2083,37.3309],[127.2015,37.3286],[127.1974,37.3335],[127.1982,37.3411],[127.1925,37.3467],[127.1917,37.3472],[127.1788,37.3432],[127.1729,37.3446],[127.1621,37.3433],[127.1419,37.3363],[127.1413,37.3291],[127.1373,37.3244],[127.1488,37.3061],[127.1631,37.3042],[127.1672,37.3017],[127.1701,37.2997],[127.1769,37.282],[127.1737,37.2741],[127.1724,37.2707],[127.1751,37.2583],[127.1699,37.255],[127.1591,37.2534],[127.1581,37.2478],[127.1506,37.243],[127.1503,37.2363],[127.1562,37.2279],[127.1498,37.2217],[127.1516,37.2185],[127.1517,37.2141],[127.1577,37.207],[127.1523,37.1983],[127.1609,37.1917],[127.1607,37.1806],[127.1486,37.1698],[127.1326,37.1682],[127.1291,37.162],[127.1306,37.1519],[127.1271,37.1456],[127.1227,37.1445],[127.1208,37.1299],[127.1149,37.1297],[127.1087,37.1248],[127.1126,37.1139],[127.1231,37.0913],[127.1357,37.0918],[127.1424,37.0879],[127.1464,37.0914],[127.1537,37.091],[127.1662,37.0866],[127.1819,37.0871],[127.1862,37.0845],[127.1887,37.0864],[127.1953,37.0891],[127.1989,37.0969],[127.2086,37.1044],[127.2086,37.1101],[127.2262,37.1139],[127.2364,37.1212],[127.2505,37.1227],[127.2534,37.129],[127.2512,37.1336],[127.2537,37.1381],[127.2503,37.1452],[127.2553,37.1512],[127.2669,37.1553],[127.268,37.1493],[127.2731,37.1433],[127.2744,37.1336],[127.2823,37.1339],[127.2923,37.1266],[127.2971,37.1203],[127.2998,37.1125],[127.3041,37.1091],[127.3106,37.1054],[127.3267,37.1194],[127.3334,37.1117],[127.3397,37.1093],[127.3434,37.104],[127.3523,37.1002],[127.3582,37.1072],[127.3739,37.1052],[127.3932,37.1065],[127.399,37.0954],[127.4161,37.0931],[127.4242,37.0997],[127.4211,37.1065],[127.4251,37.1127],[127.4152,37.1157],[127.4126,37.1194],[127.4209,37.1261],[127.4256,37.134],[127.4259,37.143],[127.4298,37.1477],[127.4235,37.1518],[127.4148,37.1521],[127.4097,37.1644],[127.4141,37.1734],[127.4111,37.1835],[127.4036,37.1803],[127.3824,37.1827],[127.3753,37.1851],[127.3782,37.1956],[127.3704,37.2039],[127.362,37.2011],[127.3484,37.2044],[127.3422,37.2081],[127.337,37.2175],[127.3319,37.22],[127.3345,37.2378],[127.3312,37.2431],[127.3334,37.2493],[127.3386,37.2524],[127.3367,37.2612],[127.3409,37.2658],[127.3388,37.2705],[127.3309,37.2702],[127.3193,37.275],[127.299,37.2693],[127.2915,37.2716],[127.2801,37.2696],[127.2757,37.2747],[127.2818,37.2781],[127.2778,37.2904],[127.2817,37.298],[127.2786,37.3054]]]}},{"type":"Feature","properties":{"name":"용인시 기흥구","sido":"41","code":"41463"},"geometry":{"type":"Polygon","coordinates":[[[127.1562,37.2279],[127.1503,37.2363],[127.1506,37.243],[127.1581,37.2478],[127.1591,37.2534],[127.1699,37.255],[127.1751,37.2583],[127.1724,37.2707],[127.1737,37.2741],[127.1769,37.282],[127.1701,37.2997],[127.1672,37.3017],[127.1631,37.3042],[127.1488,37.3061],[127.1373,37.3244],[127.1346,37.3198],[127.1258,37.3152],[127.1246,37.3213],[127.1131,37.3209],[127.1108,37.3242],[127.1046,37.3236],[127.0976,37.3209],[127.0999,37.3136],[127.0939,37.3131],[127.093,37.3014],[127.0899,37.2984],[127.0883,37.2932],[127.0886,37.2869],[127.0841,37.2863],[127.0695,37.2787],[127.0681,37.2756],[127.0647,37.2711],[127.0709,37.2665],[127.076,37.2657],[127.0855,37.2705],[127.0862,37.2648],[127.0812,37.2606],[127.0824,37.2545],[127.0821,37.2494],[127.0662,37.2439],[127.0667,37.2401],[127.0688,37.2302],[127.0756,37.2259],[127.0887,37.2165],[127.0888,37.2164],[127.1043,37.2198],[127.1174,37.22],[127.1368,37.2157],[127.1516,37.2185],[127.1498,37.2217],[127.1562,37.2279]]]}},{"type":"Feature","properties":{"name":"용인시 수지구","sido":"41","code":"41465"},"geometry":{"type":"Polygon","coordinates":[[[127.1046,37.3236],[127.1108,37.3242],[127.1131,37.3209],[127.1246,37.3213],[127.1258,37.3152],[127.1346,37.3198],[127.1373,37.3244],[127.1413,37.3291],[127.1419,37.3363],[127.1363,37.3396],[127.1233,37.337],[127.1169,37.3334],[127.1127,37.3357],[127.1027,37.34],[127.1022,37.3424],[127.097,37.3432],[127.0836,37.352],[127.0781,37.3491],[127.0745,37.3532],[127.0709,37.3577],[127.0631,37.3604],[127.0529,37.3611],[127.0463,37.3682],[127.0279,37.3721],[127.024,37.3642],[127.0161,37.3566],[127.0169,37.3537],[127.0188,37.3516],[127.0334,37.3447],[127.0315,37.337],[127.0383,37.3285],[127.0399,37.3213],[127.049,37.3159],[127.0577,37.3156],[127.0606,37.3109],[127.0582,37.3049],[127.0619,37.2964],[127.0793,37.2933],[127.0798,37.2954],[127.0899,37.2984],[127.093,37.3014],[127.0939,37.3131],[127.0999,37.3136],[127.0976,37.3209],[127.1046,37.3236]]]}},{"type":"Feature","properties":{"name":"파주시","sido":"41","code":"41480"},"geometry":{"type":"Polygon","coordinates":[[[126.946,37.8885],[126.9485,37.8967],[126.9467,37.8996],[126.9547,37.9125],[126.9496,37.919],[126.9563,37.9223],[126.96,37.9202],[126.9651,37.9282],[126.9644,37.9383],[126.9734,37.942],[126.9774,37.9461],[126.9791,37.9541],[126.9885,37.9601],[126.9964,37.9732],[127.0085,37.9738],[127.0113,37.9761],[127.0126,37.9846],[127.017,37.9869],[127.0153,37.9923],[127.001,37.9963],[126.9921,38.0034],[126.9696,38.0033],[126.9617,37.9977],[126.9525,37.988],[126.9372,37.9817],[126.9216,37.9859],[126.8982,37.9971],[126.8955,37.9994],[126.8917,37.9924],[126.8916,37.9825],[126.8955,37.9711],[126.8878,37.9661],[126.8814,37.9668],[126.8718,37.9711],[126.8549,37.9872],[126.8481,37.987],[126.8402,37.9809],[126.8359,37.964],[126.8207,37.9575],[126.8185,37.9641],[126.8139,37.9689],[126.8045,37.9707],[126.7985,37.9877],[126.8009,37.992],[126.7937,37.9923],[126.7822,37.9805],[126.7759,37.9845],[126.7718,37.9824],[126.7625,37.985],[126.7522,37.9817],[126.7446,37.9742],[126.74,37.9727],[126.7376,37.9664],[126.7304,37.9688],[126.7194,37.965],[126.7153,37.9693],[126.7025,37.9743],[126.7007,37.9691],[126.6916,37.9662],[126.6873,37.9572],[126.6813,37.9581],[126.6755,37.9544],[126.6694,37.9447],[126.6676,37.9327],[126.6692,37.928],[126.6656,37.9211],[126.6701,37.9143],[126.6823,37.9153],[126.6759,37.9062],[126.6771,37.8972],[126.6722,37.8887],[126.6817,37.8792],[126.6755,37.8772],[126.6726,37.8701],[126.6791,37.8701],[126.6834,37.874],[126.6922,37.8684],[126.6799,37.8517],[126.6796,37.846],[126.671,37.8458],[126.6602,37.8388],[126.6718,37.8329],[126.674,37.831],[126.666,37.8121],[126.6651,37.7986],[126.6622,37.7902],[126.667,37.7845],[126.6729,37.7694],[126.6762,37.755],[126.674,37.75],[126.6774,37.735],[126.6848,37.7256],[126.6836,37.7134],[126.6765,37.7001],[126.6914,37.6891],[126.6993,37.697],[126.7046,37.6962],[126.7119,37.6997],[126.7284,37.7039],[126.7299,37.7049],[126.7402,37.7051],[126.748,37.7031],[126.7611,37.704],[126.7677,37.7066],[126.7733,37.7043],[126.7733,37.7092],[126.785,37.7209],[126.7919,37.7242],[126.7961,37.7296],[126.7944,37.7343],[126.814,37.7235],[126.823,37.7288],[126.8356,37.7281],[126.848,37.7337],[126.8566,37.7357],[126.8715,37.7293],[126.8734,37.7261],[126.881,37.7262],[126.8827,37.7193],[126.8947,37.7268],[126.9022,37.7284],[126.9009,37.7371],[126.9096,37.7472],[126.9218,37.747],[126.9297,37.7485],[126.9313,37.7557],[126.9287,37.7576],[126.9363,37.7742],[126.9334,37.7799],[126.9381,37.7869],[126.9321,37.7888],[126.9272,37.7851],[126.9195,37.7904],[126.912,37.7921],[126.9039,37.7909],[126.9055,37.8021],[126.9119,37.8061],[126.9088,37.8105],[126.9102,37.8165],[126.9023,37.8247],[126.9114,37.8286],[126.9139,37.8411],[126.9253,37.8416],[126.9273,37.8381],[126.9365,37.8408],[126.9345,37.8462],[126.9428,37.8625],[126.9463,37.867],[126.9443,37.8736],[126.9473,37.886],[126.946,37.8885]]]}},{"type":"Feature","properties":{"name":"이천시","sido":"41","code":"41500"},"geometry":{"type":"Polygon","coordinates":[[[127.6308,37.1657],[127.6195,37.1624],[127.6152,37.164],[127.6124,37.1734],[127.6048,37.1789],[127.598,37.1881],[127.593,37.1896],[127.5837,37.187],[127.5764,37.1892],[127.5724,37.1849],[127.5775,37.1773],[127.5705,37.1702],[127.5662,37.1764],[127.5604,37.1802],[127.5534,37.1756],[127.5468,37.1742],[127.5279,37.173],[127.5229,37.1812],[127.516,37.1853],[127.5313,37.2],[127.5315,37.2082],[127.5276,37.2274],[127.5255,37.2276],[127.5252,37.2392],[127.5374,37.2466],[127.5332,37.2562],[127.5292,37.2735],[127.5344,37.2893],[127.5427,37.2948],[127.5464,37.3018],[127.5464,37.3099],[127.5291,37.3171],[127.5265,37.3225],[127.5292,37.3266],[127.5215,37.3297],[127.5136,37.3394],[127.5026,37.3379],[127.4895,37.3424],[127.4872,37.349],[127.4705,37.3615],[127.4602,37.3582],[127.4488,37.3522],[127.4425,37.3584],[127.4358,37.3549],[127.4297,37.3464],[127.4213,37.3421],[127.4198,37.3378],[127.4052,37.3278],[127.3999,37.3272],[127.3872,37.3189],[127.3758,37.3206],[127.3696,37.3152],[127.3636,37.3159],[127.3643,37.3077],[127.3546,37.3015],[127.3571,37.2946],[127.348,37.29],[127.3402,37.2882],[127.349,37.2767],[127.3388,37.2705],[127.3409,37.2658],[127.3367,37.2612],[127.3386,37.2524],[127.3334,37.2493],[127.3312,37.2431],[127.3345,37.2378],[127.3319,37.22],[127.337,37.2175],[127.3422,37.2081],[127.3484,37.2044],[127.362,37.2011],[127.3704,37.2039],[127.3782,37.1956],[127.3753,37.1851],[127.3824,37.1827],[127.4036,37.1803],[127.4111,37.1835],[127.4141,37.1734],[127.4097,37.1644],[127.4148,37.1521],[127.4235,37.1518],[127.4298,37.1477],[127.4459,37.1494],[127.4503,37.1481],[127.4478,37.1449],[127.4535,37.1352],[127.4583,37.1302],[127.47,37.1295],[127.4925,37.1231],[127.4968,37.1245],[127.5028,37.1186],[127.5039,37.1097],[127.5125,37.1004],[127.5149,37.0934],[127.5159,37.0813],[127.5125,37.0713],[127.5068,37.0693],[127.5085,37.0641],[127.5048,37.0604],[127.4935,37.0565],[127.49,37.0528],[127.4969,37.0484],[127.509,37.0494],[127.5125,37.0562],[127.5307,37.0558],[127.5357,37.0536],[127.5504,37.0454],[127.5624,37.0446],[127.5681,37.0477],[127.5665,37.0631],[127.5762,37.074],[127.595,37.0739],[127.6042,37.0686],[127.6045,37.0775],[127.6007,37.0853],[127.6103,37.0862],[127.6333,37.0984],[127.6351,37.116],[127.6341,37.1237],[127.6378,37.1406],[127.6331,37.1453],[127.6288,37.1538],[127.6308,37.1657]]]}},{"type":"Feature","properties":{"name":"안성시","sido":"41","code":"41550"},"geometry":{"type":"Polygon","coordinates":[[[127.1195,36.9691],[127.1335,36.9653],[127.1443,36.9715],[127.1568,36.9672],[127.1651,36.962],[127.1759,36.9611],[127.1777,36.9583],[127.1901,36.9529],[127.2019,36.9521],[127.2069,36.9457],[127.2059,36.9422],[127.2113,36.9383],[127.2099,36.9313],[127.2202,36.9303],[127.2288,36.9244],[127.2364,36.9235],[127.244,36.9174],[127.2541,36.9218],[127.2576,36.9165],[127.2718,36.9133],[127.2804,36.9042],[127.2793,36.9005],[127.2898,36.8938],[127.297,36.9018],[127.3041,36.9151],[127.2966,36.9296],[127.3091,36.9291],[127.3165,36.9346],[127.327,36.9358],[127.3434,36.9443],[127.3435,36.948],[127.3497,36.9526],[127.362,36.9493],[127.3755,36.9482],[127.3801,36.9586],[127.3854,36.9591],[127.3876,36.9641],[127.3966,36.964],[127.4019,36.9677],[127.3941,36.9773],[127.3861,36.9814],[127.3854,36.9851],[127.3955,36.9984],[127.4081,36.9982],[127.4151,36.9997],[127.4223,37.0048],[127.4297,37.0019],[127.4411,37.0116],[127.4467,37.011],[127.4484,37.0165],[127.4594,37.0254],[127.4597,37.0354],[127.4572,37.0406],[127.4613,37.0471],[127.468,37.053],[127.49,37.0528],[127.4935,37.0565],[127.5048,37.0604],[127.5085,37.0641],[127.5068,37.0693],[127.5125,37.0713],[127.5159,37.0813],[127.5149,37.0934],[127.5125,37.1004],[127.5039,37.1097],[127.5028,37.1186],[127.4968,37.1245],[127.4925,37.1231],[127.47,37.1295],[127.4583,37.1302],[127.4535,37.1352],[127.4478,37.1449],[127.4503,37.1481],[127.4459,37.1494],[127.4298,37.1477],[127.4259,37.143],[127.4256,37.134],[127.4209,37.1261],[127.4126,37.1194],[127.4152,37.1157],[127.4251,37.1127],[127.4211,37.1065],[127.4242,37.0997],[127.4161,37.0931],[127.399,37.0954],[127.3932,37.1065],[127.3739,37.1052],[127.3582,37.1072],[127.3523,37.1002],[127.3434,37.104],[127.3397,37.1093],[127.3334,37.1117],[127.3267,37.1194],[127.3106,37.1054],[127.3041,37.1091],[127.2998,37.1125],[127.2971,37.1203],[127.2923,37.1266],[127.2823,37.1339],[127.2744,37.1336],[127.2731,37.1433],[127.268,37.1493],[127.2669,37.1553],[127.2553,37.1512],[127.2503,37.1452],[127.2537,37.1381],[127.2512,37.1336],[127.2534,37.129],[127.2505,37.1227],[127.2364,37.1212],[127.2262,37.1139],[127.2086,37.1101],[127.2086,37.1044],[127.1989,37.0969],[127.1953,37.0891],[127.1887,37.0864],[127.1862,37.0845],[127.1819,37.0871],[127.1662,37.0866],[127.1537,37.091],[127.1464,37.0914],[127.1424,37.0879],[127.1357,37.0918],[127.1231,37.0913],[127.1264,37.0816],[127.1214,37.0764],[127.1038,37.0752],[127.1028,37.0678],[127.1067,37.0649],[127.1185,37.0627],[127.1253,37.0647],[127.1306,37.058],[127.1276,37.0529],[127.1222,37.0504],[127.1148,37.0422],[127.1053,37.0357],[127.1169,37.0272],[127.1223,37.0351],[127.1372,37.0339],[127.1531,37.0295],[127.1525,37.0215],[127.1454,37.0167],[127.1462,37.0105],[127.1523,37.0026],[127.1539,36.9978],[127.1448,36.9972],[127.1362,36.9934],[127.1312,36.9856],[127.1411,36.9797],[127.134,36.9768],[127.1245,36.9768],[127.1195,36.9691]]]}},{"type":"Feature","properties":{"name":"김포시","sido":"41","code":"41570"},"geometry":{"type":"MultiPolygon","coordinates":[[[[126.8049,37.604],[126.7979,37.6109],[126.7825,37.6166],[126.774,37.6222],[126.7682,37.6237],[126.7409,37.6389],[126.7358,37.6415],[126.7183,37.6493],[126.7093,37.6547],[126.6893,37.6662],[126.6735,37.6749],[126.6685,37.6802],[126.667,37.6891],[126.6765,37.7001],[126.6836,37.7134],[126.6848,37.7256],[126.6774,37.735],[126.674,37.75],[126.6762,37.755],[126.6729,37.7694],[126.667,37.7845],[126.6389,37.7784],[126.6279,37.7716],[126.6226,37.7623],[126.6095,37.7529],[126.592,37.7577],[126.5772,37.7537],[126.5668,37.756],[126.5616,37.765],[126.5552,37.769],[126.5348,37.7717],[126.5146,37.7669],[126.5146,37.7647],[126.5278,37.7484],[126.526,37.7381],[126.5224,37.7313],[126.5185,37.7216],[126.5185,37.7127],[126.5273,37.7031],[126.5255,37.6901],[126.5254,37.6874],[126.523,37.6765],[126.5241,37.6732],[126.5353,37.6663],[126.5345,37.6591],[126.529,37.653],[126.5379,37.6368],[126.5496,37.6271],[126.554,37.6145],[126.5542,37.6093],[126.5594,37.6006],[126.5661,37.5942],[126.5631,37.5895],[126.5657,37.5861],[126.5726,37.5878],[126.5927,37.593],[126.6049,37.5994],[126.6055,37.5999],[126.6091,37.6042],[126.6157,37.6055],[126.6234,37.6028],[126.6277,37.606],[126.637,37.626],[126.6449,37.6286],[126.6476,37.6287],[126.656,37.638],[126.6594,37.6382],[126.6709,37.6344],[126.6793,37.6299],[126.6852,37.6242],[126.6986,37.6175],[126.7042,37.6125],[126.7042,37.6055],[126.7045,37.6026],[126.7046,37.6026],[126.7047,37.6026],[126.712,37.6048],[126.7219,37.5959],[126.7245,37.5929],[126.7251,37.592],[126.7436,37.5933],[126.7465,37.5869],[126.7547,37.5804],[126.7577,37.5848],[126.7631,37.5849],[126.7673,37.588],[126.7841,37.5826],[126.787,37.5856],[126.7937,37.5816],[126.8009,37.5888],[126.7973,37.5966],[126.8006,37.6041],[126.8049,37.604]]],[[[126.5378,37.7739],[126.5399,37.7771],[126.5272,37.7839],[126.5238,37.7898],[126.5154,37.7824],[126.5151,37.7754],[126.5183,37.7719],[126.5378,37.7739]]]]}},{"type":"Feature","properties":{"name":"화성시 효행구","sido":"41","code":"41593"},"geometry":{"type":"Polygon","coordinates":[[[126.9567,37.2452],[126.9522,37.2515],[126.9465,37.2575],[126.9358,37.2568],[126.9308,37.261],[126.9273,37.2714],[126.9274,37.2788],[126.9176,37.2854],[126.9139,37.2915],[126.9055,37.2899],[126.8984,37.294],[126.8995,37.2902],[126.8862,37.2805],[126.8782,37.2792],[126.8713,37.2747],[126.8582,37.2742],[126.8527,37.272],[126.8465,37.2659],[126.8452,37.2659],[126.8412,37.2663],[126.8275,37.2519],[126.8271,37.2429],[126.8237,37.2368],[126.829,37.2296],[126.8391,37.2321],[126.85,37.2262],[126.8569,37.2142],[126.867,37.2094],[126.8633,37.2013],[126.8759,37.1938],[126.8823,37.1972],[126.8889,37.197],[126.8942,37.193],[126.8999,37.194],[126.9148,37.1918],[126.92,37.1896],[126.9211,37.1792],[126.9172,37.1759],[126.9213,37.1683],[126.9155,37.1659],[126.9149,37.16],[126.9204,37.1545],[126.9261,37.161],[126.9355,37.1612],[126.9341,37.1502],[126.9288,37.1462],[126.9418,37.1431],[126.946,37.1506],[126.9524,37.1481],[126.9586,37.1425],[126.9692,37.1447],[126.9822,37.1414],[126.9821,37.1352],[126.9872,37.1297],[126.9973,37.1279],[126.9991,37.1236],[127.0054,37.1281],[127.0175,37.1299],[127.0242,37.1332],[127.0356,37.136],[127.0326,37.1402],[127.0288,37.155],[127.0281,37.1631],[127.024,37.1653],[127.0166,37.1678],[127.0065,37.1681],[126.9965,37.1785],[127.0078,37.187],[126.9977,37.1905],[126.9952,37.194],[126.9842,37.1957],[126.9851,37.2019],[126.98,37.2068],[126.9816,37.2133],[126.9995,37.2197],[127.0081,37.2278],[127.0037,37.2293],[126.9976,37.2302],[126.9881,37.2336],[126.9782,37.2296],[126.9704,37.2292],[126.967,37.2356],[126.9578,37.2398],[126.9567,37.2452]]]}},{"type":"Feature","properties":{"name":"화성시 만세구","sido":"41","code":"41591"},"geometry":{"type":"MultiPolygon","coordinates":[[[[126.8069,37.0127],[126.8381,37.0137],[126.8469,37.0158],[126.8531,37.02],[126.8607,37.0299],[126.8825,37.0608],[126.8838,37.0665],[126.9008,37.0701],[126.9049,37.0736],[126.9063,37.0693],[126.9194,37.0652],[126.9272,37.0679],[126.932,37.0626],[126.9404,37.0608],[126.9514,37.0686],[126.9664,37.0691],[126.9688,37.0734],[126.9755,37.0706],[126.9846,37.0717],[126.9951,37.07],[126.9917,37.0848],[126.9989,37.0932],[126.997,37.0978],[126.9967,37.112],[127.0021,37.1218],[126.9981,37.1231],[126.9991,37.1236],[126.9973,37.1279],[126.9872,37.1297],[126.9821,37.1352],[126.9822,37.1414],[126.9692,37.1447],[126.9586,37.1425],[126.9524,37.1481],[126.946,37.1506],[126.9418,37.1431],[126.9288,37.1462],[126.9341,37.1502],[126.9355,37.1612],[126.9261,37.161],[126.9204,37.1545],[126.9149,37.16],[126.9155,37.1659],[126.9213,37.1683],[126.9172,37.1759],[126.9211,37.1792],[126.92,37.1896],[126.9148,37.1918],[126.8999,37.194],[126.8942,37.193],[126.8889,37.197],[126.8823,37.1972],[126.8759,37.1938],[126.8633,37.2013],[126.867,37.2094],[126.8569,37.2142],[126.85,37.2262],[126.8391,37.2321],[126.829,37.2296],[126.8237,37.2368],[126.8271,37.2429],[126.8275,37.2519],[126.8412,37.2663],[126.8452,37.2659],[126.8414,37.2677],[126.8356,37.2766],[126.829,37.2767],[126.8268,37.2785],[126.8235,37.2864],[126.8193,37.2905],[126.8117,37.2934],[126.8046,37.2932],[126.8045,37.2837],[126.8006,37.2778],[126.805,37.2749],[126.8093,37.2668],[126.7961,37.2709],[126.7901,37.2673],[126.7927,37.2588],[126.7881,37.2552],[126.7894,37.2444],[126.7781,37.2459],[126.7783,37.2392],[126.7864,37.233],[126.7817,37.2344],[126.7776,37.2379],[126.7759,37.2468],[126.7675,37.2483],[126.7639,37.2528],[126.757,37.255],[126.7407,37.2552],[126.734,37.2503],[126.7266,37.2578],[126.7191,37.2561],[126.7041,37.2586],[126.6986,37.2615],[126.6867,37.2627],[126.6803,37.256],[126.6766,37.2465],[126.6671,37.2444],[126.6481,37.249],[126.6514,37.2388],[126.6613,37.2382],[126.6686,37.2292],[126.6774,37.2236],[126.6661,37.2168],[126.6664,37.2084],[126.6734,37.1997],[126.6792,37.2072],[126.6884,37.2075],[126.6917,37.2143],[126.699,37.214],[126.6919,37.2031],[126.678,37.1976],[126.6621,37.1968],[126.6584,37.1899],[126.6662,37.189],[126.6647,37.1824],[126.6609,37.178],[126.6546,37.1814],[126.6577,37.1674],[126.6607,37.1621],[126.6504,37.1571],[126.6549,37.153],[126.6639,37.1566],[126.6701,37.1557],[126.6826,37.1604],[126.6907,37.1572],[126.6945,37.1524],[126.6837,37.1497],[126.679,37.1407],[126.6735,37.138],[126.6819,37.1284],[126.6845,37.1196],[126.6779,37.115],[126.6861,37.1119],[126.6924,37.1192],[126.7048,37.1231],[126.7064,37.131],[126.7138,37.1294],[126.7211,37.1357],[126.7281,37.1388],[126.7321,37.1464],[126.7426,37.1538],[126.7468,37.1617],[126.753,37.1667],[126.7664,37.1642],[126.778,37.1647],[126.7904,37.1753],[126.7953,37.1814],[126.7971,37.1889],[126.7956,37.1797],[126.792,37.1731],[126.7962,37.1704],[126.7976,37.1624],[126.795,37.1582],[126.7818,37.1528],[126.7903,37.1495],[126.7995,37.1536],[126.8055,37.1489],[126.8119,37.1394],[126.8013,37.1387],[126.7959,37.1346],[126.7949,37.129],[126.7875,37.1298],[126.7825,37.1351],[126.7687,37.1279],[126.7594,37.1163],[126.7586,37.1107],[126.7702,37.1028],[126.7671,37.0909],[126.7642,37.0865],[126.7613,37.0681],[126.7629,37.0628],[126.7484,37.049],[126.7448,37.0416],[126.7448,37.0363],[126.751,37.0293],[126.7891,37.0292],[126.7946,37.0258],[126.7969,37.0121],[126.8069,37.0127]]],[[[126.7317,37.0722],[126.7425,37.0768],[126.7419,37.0832],[126.7358,37.083],[126.7319,37.0777],[126.7317,37.0722]]],[[[126.5399,37.0995],[126.5412,37.109],[126.537,37.1089],[126.5399,37.0995]]],[[[126.6728,37.2736],[126.6806,37.2748],[126.685,37.2806],[126.6802,37.2839],[126.6729,37.2809],[126.6667,37.2753],[126.6728,37.2736]]],[[[126.7406,37.289],[126.7342,37.2831],[126.7449,37.283],[126.7406,37.289]]],[[[126.6246,37.1769],[126.6185,37.1772],[126.6162,37.1733],[126.6182,37.1576],[126.6285,37.1691],[126.6306,37.1738],[126.6246,37.1769]]]]}},{"type":"Feature","properties":{"name":"화성시 동탄구","sido":"41","code":"41597"},"geometry":{"type":"Polygon","coordinates":[[[127.089,37.1605],[127.098,37.1559],[127.1009,37.1461],[127.1036,37.1436],[127.1227,37.1445],[127.1271,37.1456],[127.1306,37.1519],[127.1291,37.162],[127.1326,37.1682],[127.1486,37.1698],[127.1607,37.1806],[127.1609,37.1917],[127.1523,37.1983],[127.1577,37.207],[127.1517,37.2141],[127.1516,37.2185],[127.1368,37.2157],[127.1174,37.22],[127.1043,37.2198],[127.0888,37.2164],[127.0887,37.2165],[127.0756,37.2259],[127.0675,37.2221],[127.0707,37.2137],[127.0644,37.2121],[127.0616,37.2207],[127.0565,37.2186],[127.0528,37.2149],[127.0563,37.2122],[127.0513,37.2109],[127.0487,37.2071],[127.0528,37.2029],[127.0504,37.1963],[127.0615,37.1994],[127.065,37.1977],[127.0653,37.1864],[127.0711,37.184],[127.0713,37.1682],[127.0778,37.1623],[127.089,37.1605]]]}},{"type":"Feature","properties":{"name":"화성시 병점구","sido":"41","code":"41595"},"geometry":{"type":"Polygon","coordinates":[[[127.0226,37.2249],[127.0081,37.2278],[126.9995,37.2197],[126.9816,37.2133],[126.98,37.2068],[126.9851,37.2019],[126.9842,37.1957],[126.9952,37.194],[126.9977,37.1905],[127.0078,37.187],[127.0098,37.1924],[127.0247,37.1981],[127.0267,37.2004],[127.0371,37.1999],[127.0425,37.1976],[127.0504,37.1963],[127.0528,37.2029],[127.0487,37.2071],[127.0513,37.2109],[127.0563,37.2122],[127.0528,37.2149],[127.0565,37.2186],[127.0616,37.2207],[127.0644,37.2121],[127.0707,37.2137],[127.0675,37.2221],[127.0756,37.2259],[127.0688,37.2302],[127.0667,37.2401],[127.0563,37.2329],[127.0517,37.2343],[127.045,37.2332],[127.0391,37.2372],[127.042,37.2451],[127.0426,37.2468],[127.0397,37.2435],[127.0296,37.232],[127.0229,37.2295],[127.0226,37.2249]]]}},{"type":"Feature","properties":{"name":"광주시","sido":"41","code":"41610"},"geometry":{"type":"Polygon","coordinates":[[[127.1363,37.3396],[127.1419,37.3363],[127.1621,37.3433],[127.1729,37.3446],[127.1788,37.3432],[127.1917,37.3472],[127.1925,37.3467],[127.1982,37.3411],[127.1974,37.3335],[127.2015,37.3286],[127.2083,37.3309],[127.2168,37.3407],[127.2226,37.3544],[127.2286,37.3589],[127.2388,37.3597],[127.241,37.3535],[127.2469,37.3556],[127.261,37.3487],[127.265,37.3427],[127.2754,37.3432],[127.2833,37.3453],[127.2832,37.3365],[127.2802,37.3322],[127.2831,37.319],[127.2773,37.3095],[127.2786,37.3054],[127.2817,37.298],[127.2778,37.2904],[127.2818,37.2781],[127.2757,37.2747],[127.2801,37.2696],[127.2915,37.2716],[127.299,37.2693],[127.3193,37.275],[127.3309,37.2702],[127.3388,37.2705],[127.349,37.2767],[127.3402,37.2882],[127.348,37.29],[127.3571,37.2946],[127.3546,37.3015],[127.3643,37.3077],[127.3636,37.3159],[127.3696,37.3152],[127.3758,37.3206],[127.3872,37.3189],[127.3999,37.3272],[127.4052,37.3278],[127.4198,37.3378],[127.4213,37.3421],[127.4297,37.3464],[127.4358,37.3549],[127.4425,37.3584],[127.4459,37.3634],[127.4438,37.3698],[127.4453,37.3813],[127.4425,37.3874],[127.4297,37.388],[127.4216,37.3859],[127.4174,37.3895],[127.4096,37.4078],[127.3982,37.4158],[127.4006,37.4214],[127.3893,37.4288],[127.384,37.4352],[127.3826,37.4428],[127.3726,37.4447],[127.3721,37.452],[127.368,37.4569],[127.3853,37.46],[127.3883,37.4769],[127.3805,37.4899],[127.3836,37.5024],[127.3807,37.5043],[127.3716,37.5201],[127.3642,37.53],[127.3479,37.5357],[127.3233,37.5333],[127.3174,37.5292],[127.3071,37.5164],[127.3013,37.5105],[127.2891,37.5071],[127.2876,37.5135],[127.2796,37.5126],[127.2764,37.5083],[127.2682,37.5062],[127.2544,37.506],[127.2555,37.4962],[127.2591,37.4921],[127.2538,37.4846],[127.2462,37.4778],[127.2375,37.4749],[127.2262,37.4797],[127.2157,37.4823],[127.2068,37.4803],[127.2026,37.4817],[127.198,37.4796],[127.1855,37.481],[127.1787,37.4852],[127.1758,37.4853],[127.1758,37.4768],[127.1811,37.4733],[127.1816,37.4605],[127.1844,37.4588],[127.191,37.4574],[127.1957,37.4451],[127.1944,37.4328],[127.1946,37.4254],[127.1803,37.4159],[127.1743,37.4054],[127.1687,37.3954],[127.1684,37.3925],[127.1767,37.3851],[127.1679,37.3804],[127.1617,37.3797],[127.1608,37.3742],[127.1529,37.3635],[127.1444,37.3594],[127.1395,37.36],[127.1339,37.3585],[127.1317,37.3512],[127.138,37.3412],[127.1363,37.3396]]]}},{"type":"Feature","properties":{"name":"양주시","sido":"41","code":"41630"},"geometry":{"type":"Polygon","coordinates":[[[127.0023,37.7628],[127.0047,37.7632],[127.0173,37.7686],[127.0255,37.7669],[127.0412,37.7667],[127.0528,37.7614],[127.0643,37.7636],[127.0847,37.7736],[127.1043,37.7797],[127.1129,37.7885],[127.1172,37.7959],[127.1171,37.8041],[127.1198,37.8097],[127.1219,37.8281],[127.1181,37.8333],[127.1157,37.8385],[127.1148,37.8503],[127.1092,37.8599],[127.1029,37.8656],[127.0879,37.8721],[127.0775,37.871],[127.0737,37.8728],[127.0625,37.8692],[127.0595,37.8702],[127.0483,37.8829],[127.0463,37.8938],[127.0362,37.8959],[127.0107,37.9045],[127.0079,37.9161],[127.0123,37.9184],[127.01,37.9276],[127.0013,37.933],[126.9932,37.9345],[126.9855,37.9389],[126.981,37.9375],[126.9734,37.942],[126.9644,37.9383],[126.9651,37.9282],[126.96,37.9202],[126.9563,37.9223],[126.9496,37.919],[126.9547,37.9125],[126.9467,37.8996],[126.9485,37.8967],[126.946,37.8885],[126.9473,37.886],[126.9443,37.8736],[126.9463,37.867],[126.9428,37.8625],[126.9345,37.8462],[126.9365,37.8408],[126.9273,37.8381],[126.9253,37.8416],[126.9139,37.8411],[126.9114,37.8286],[126.9023,37.8247],[126.9102,37.8165],[126.9088,37.8105],[126.9119,37.8061],[126.9055,37.8021],[126.9039,37.7909],[126.912,37.7921],[126.9195,37.7904],[126.9272,37.7851],[126.9321,37.7888],[126.9381,37.7869],[126.9334,37.7799],[126.9363,37.7742],[126.9287,37.7576],[126.9313,37.7557],[126.9297,37.7485],[126.931,37.7375],[126.9219,37.7302],[126.925,37.7199],[126.9205,37.7137],[126.9245,37.7117],[126.9217,37.699],[126.914,37.6872],[126.9148,37.6796],[126.9069,37.6754],[126.9113,37.6687],[126.928,37.6707],[126.9398,37.6708],[126.9447,37.6769],[126.9446,37.6848],[126.951,37.6877],[126.9544,37.6926],[126.9652,37.6925],[126.973,37.6867],[126.9793,37.6862],[126.9917,37.6795],[126.998,37.6838],[127.0083,37.6847],[127.0088,37.6945],[127.0158,37.701],[127.0194,37.7073],[127.0135,37.7139],[127.0141,37.7192],[127.0127,37.7256],[127.0031,37.7386],[127.0046,37.7432],[127.0021,37.7514],[127.0023,37.7628]]]}},{"type":"Feature","properties":{"name":"포천시","sido":"41","code":"41650"},"geometry":{"type":"Polygon","coordinates":[[[127.1254,37.7633],[127.1334,37.7623],[127.1397,37.7641],[127.1467,37.7548],[127.1538,37.7555],[127.1658,37.7529],[127.1733,37.7551],[127.1809,37.7631],[127.1909,37.7626],[127.211,37.7646],[127.214,37.7606],[127.2246,37.7536],[127.2405,37.7627],[127.2597,37.7684],[127.2665,37.7805],[127.2722,37.7904],[127.2705,37.7938],[127.2788,37.8055],[127.2793,37.8164],[127.2741,37.8306],[127.279,37.8423],[127.2863,37.8483],[127.2804,37.8554],[127.2915,37.8741],[127.2962,37.8689],[127.3057,37.8688],[127.3121,37.8661],[127.3237,37.8737],[127.3237,37.8879],[127.3291,37.8943],[127.3274,37.9025],[127.3304,37.91],[127.329,37.922],[127.3452,37.9272],[127.3503,37.9223],[127.3558,37.9216],[127.3643,37.926],[127.372,37.9339],[127.3843,37.9435],[127.3824,37.9504],[127.3761,37.9615],[127.3826,37.9697],[127.385,37.9824],[127.3898,37.9827],[127.3994,37.9894],[127.4065,37.9916],[127.413,37.9978],[127.4183,38.0148],[127.4272,38.0275],[127.4249,38.0334],[127.4335,38.0367],[127.4418,38.0448],[127.4457,38.051],[127.4439,38.0585],[127.4459,38.0624],[127.4469,38.0795],[127.4444,38.0975],[127.441,38.1082],[127.4306,38.1153],[127.4152,38.1037],[127.4058,38.1064],[127.4034,38.1129],[127.3858,38.1143],[127.3783,38.1178],[127.3706,38.1098],[127.3534,38.1043],[127.346,38.1043],[127.3381,38.1005],[127.3374,38.0898],[127.3303,38.0941],[127.3212,38.0952],[127.314,38.1046],[127.3113,38.116],[127.2832,38.1165],[127.2831,38.1234],[127.2767,38.1254],[127.2758,38.1372],[127.2842,38.1459],[127.2872,38.1523],[127.2846,38.1578],[127.2875,38.1609],[127.2872,38.1687],[127.2959,38.1764],[127.2866,38.1803],[127.2828,38.1829],[127.2665,38.1806],[127.2635,38.1715],[127.2543,38.1628],[127.2396,38.1545],[127.2351,38.148],[127.2233,38.1469],[127.2219,38.1376],[127.2086,38.1469],[127.2026,38.1536],[127.1902,38.1604],[127.186,38.1734],[127.1904,38.1889],[127.1794,38.1847],[127.1776,38.1764],[127.1743,38.1727],[127.1739,38.1611],[127.1772,38.1515],[127.1736,38.1432],[127.1758,38.1288],[127.1716,38.1216],[127.1827,38.1166],[127.1822,38.1073],[127.1845,38.0922],[127.1923,38.0825],[127.1862,38.0743],[127.1866,38.0644],[127.1748,38.0665],[127.1675,38.0618],[127.1557,38.0626],[127.1487,38.0577],[127.1462,38.0634],[127.1477,38.0697],[127.1442,38.0735],[127.1301,38.0614],[127.1172,38.0607],[127.1142,38.0561],[127.1123,38.051],[127.118,38.0439],[127.1144,38.04],[127.1282,38.0367],[127.1336,38.039],[127.1381,38.036],[127.1352,38.0308],[127.1398,38.0254],[127.1392,38.0214],[127.1453,38.0156],[127.1402,38.0115],[127.1408,38.0055],[127.1456,38.0009],[127.1469,37.9956],[127.1433,37.9913],[127.1326,37.9883],[127.1305,37.9847],[127.1202,37.9795],[127.1173,37.9857],[127.1094,37.9888],[127.1006,37.9897],[127.0912,37.988],[127.0917,37.9714],[127.0941,37.968],[127.0922,37.9601],[127.0991,37.9525],[127.0956,37.949],[127.096,37.9436],[127.108,37.9391],[127.1152,37.9283],[127.1209,37.917],[127.1328,37.9159],[127.1466,37.9108],[127.1497,37.8979],[127.1557,37.8957],[127.1534,37.8905],[127.147,37.876],[127.1286,37.8739],[127.1232,37.8672],[127.1137,37.8655],[127.1092,37.8599],[127.1148,37.8503],[127.1157,37.8385],[127.1181,37.8333],[127.1219,37.8281],[127.1198,37.8097],[127.1171,37.8041],[127.1172,37.7959],[127.1129,37.7885],[127.1043,37.7797],[127.1107,37.7794],[127.1281,37.7718],[127.1291,37.7669],[127.1254,37.7633]]]}},{"type":"Feature","properties":{"name":"여주시","sido":"41","code":"41670"},"geometry":{"type":"Polygon","coordinates":[[[127.6308,37.1657],[127.6288,37.1538],[127.6479,37.1506],[127.6575,37.142],[127.668,37.1368],[127.6879,37.1353],[127.6954,37.1404],[127.6959,37.1521],[127.704,37.1565],[127.7046,37.1666],[127.7106,37.1759],[127.7183,37.1838],[127.7267,37.183],[127.7286,37.1919],[127.7328,37.1961],[127.7367,37.2099],[127.7479,37.2167],[127.7508,37.2218],[127.7464,37.2296],[127.7489,37.2475],[127.7583,37.258],[127.7573,37.2648],[127.7538,37.289],[127.7548,37.2977],[127.7619,37.3021],[127.7677,37.3029],[127.7686,37.3078],[127.7622,37.3208],[127.7604,37.3291],[127.7607,37.3407],[127.7578,37.3462],[127.7612,37.3638],[127.7595,37.367],[127.7458,37.3689],[127.732,37.3757],[127.7198,37.3711],[127.7073,37.3702],[127.7013,37.3739],[127.706,37.3832],[127.7046,37.3926],[127.7144,37.3985],[127.7157,37.4016],[127.7078,37.4107],[127.6987,37.4074],[127.687,37.3995],[127.6872,37.4106],[127.6844,37.4127],[127.6684,37.4119],[127.6585,37.4175],[127.6521,37.4076],[127.6462,37.4046],[127.6354,37.4135],[127.6271,37.4134],[127.6203,37.409],[127.6169,37.4149],[127.6111,37.4155],[127.6001,37.4206],[127.5906,37.4228],[127.5885,37.4173],[127.5796,37.4159],[127.5717,37.4116],[127.56,37.4175],[127.5542,37.4173],[127.5474,37.4099],[127.537,37.4113],[127.5344,37.4193],[127.5288,37.4286],[127.5229,37.4347],[127.508,37.4398],[127.5055,37.4381],[127.4984,37.4333],[127.4852,37.4322],[127.4796,37.4237],[127.4543,37.429],[127.4417,37.4343],[127.4265,37.4377],[127.4229,37.4395],[127.4146,37.4322],[127.4074,37.4301],[127.4006,37.4214],[127.3982,37.4158],[127.4096,37.4078],[127.4174,37.3895],[127.4216,37.3859],[127.4297,37.388],[127.4425,37.3874],[127.4453,37.3813],[127.4438,37.3698],[127.4459,37.3634],[127.4425,37.3584],[127.4488,37.3522],[127.4602,37.3582],[127.4705,37.3615],[127.4872,37.349],[127.4895,37.3424],[127.5026,37.3379],[127.5136,37.3394],[127.5215,37.3297],[127.5292,37.3266],[127.5265,37.3225],[127.5291,37.3171],[127.5464,37.3099],[127.5464,37.3018],[127.5427,37.2948],[127.5344,37.2893],[127.5292,37.2735],[127.5332,37.2562],[127.5374,37.2466],[127.5252,37.2392],[127.5255,37.2276],[127.5276,37.2274],[127.5315,37.2082],[127.5313,37.2],[127.516,37.1853],[127.5229,37.1812],[127.5279,37.173],[127.5468,37.1742],[127.5534,37.1756],[127.5604,37.1802],[127.5662,37.1764],[127.5705,37.1702],[127.5775,37.1773],[127.5724,37.1849],[127.5764,37.1892],[127.5837,37.187],[127.593,37.1896],[127.598,37.1881],[127.6048,37.1789],[127.6124,37.1734],[127.6152,37.164],[127.6195,37.1624],[127.6308,37.1657]]]}},{"type":"Feature","properties":{"name":"연천군","sido":"41","code":"41800"},"geometry":{"type":"Polygon","coordinates":[[[127.1866,38.0644],[127.1862,38.0743],[127.1923,38.0825],[127.1845,38.0922],[127.1822,38.1073],[127.1827,38.1166],[127.1716,38.1216],[127.1758,38.1288],[127.1736,38.1432],[127.1772,38.1515],[127.1739,38.1611],[127.1743,38.1727],[127.1776,38.1764],[127.1794,38.1847],[127.1739,38.1917],[127.1665,38.1978],[127.172,38.2056],[127.1696,38.2138],[127.1595,38.2194],[127.1625,38.2322],[127.1584,38.2389],[127.1485,38.2425],[127.147,38.2397],[127.1359,38.2361],[127.1305,38.2326],[127.1229,38.2325],[127.113,38.2376],[127.1101,38.2422],[127.1105,38.2517],[127.114,38.2653],[127.1093,38.292],[127.0933,38.2821],[127.0859,38.2793],[127.076,38.2781],[127.0669,38.2657],[127.0551,38.259],[127.0419,38.259],[127.0329,38.2484],[127.0209,38.2459],[127.0222,38.2404],[127.0142,38.2371],[127.008,38.2261],[127.0015,38.223],[126.9916,38.2295],[126.982,38.2275],[126.9782,38.2221],[126.984,38.2121],[126.9755,38.1999],[126.9668,38.1991],[126.9629,38.1905],[126.9692,38.1819],[126.9657,38.1714],[126.95,38.1591],[126.9683,38.1472],[126.9699,38.1435],[126.9648,38.1358],[126.9441,38.1346],[126.9323,38.1317],[126.927,38.1285],[126.9171,38.1367],[126.9047,38.1379],[126.9005,38.1334],[126.8892,38.1288],[126.8837,38.1163],[126.8672,38.1112],[126.8561,38.0997],[126.8606,38.0859],[126.8669,38.0803],[126.8696,38.0779],[126.8663,38.0695],[126.8594,38.0646],[126.8581,38.0531],[126.8528,38.0531],[126.8536,38.0315],[126.8318,38.0337],[126.8287,38.0202],[126.8231,38.0119],[126.8252,38.0007],[126.8305,37.9987],[126.8296,37.9931],[126.8074,37.9938],[126.8009,37.992],[126.7985,37.9877],[126.8045,37.9707],[126.8139,37.9689],[126.8185,37.9641],[126.8207,37.9575],[126.8359,37.964],[126.8402,37.9809],[126.8481,37.987],[126.8549,37.9872],[126.8718,37.9711],[126.8814,37.9668],[126.8878,37.9661],[126.8955,37.9711],[126.8916,37.9825],[126.8917,37.9924],[126.8955,37.9994],[126.8982,37.9971],[126.9216,37.9859],[126.9372,37.9817],[126.9525,37.988],[126.9617,37.9977],[126.9696,38.0033],[126.9921,38.0034],[127.001,37.9963],[127.0153,37.9923],[127.017,37.9869],[127.0126,37.9846],[127.0113,37.9761],[127.0085,37.9738],[126.9964,37.9732],[126.9885,37.9601],[126.9791,37.9541],[126.9774,37.9461],[126.9734,37.942],[126.981,37.9375],[126.9855,37.9389],[126.9932,37.9345],[127.0013,37.933],[127.01,37.9276],[127.0168,37.9366],[127.0276,37.9432],[127.0293,37.9557],[127.0392,37.9578],[127.0449,37.97],[127.0533,37.9813],[127.0644,37.9796],[127.0661,37.9753],[127.0762,37.9767],[127.0846,37.9756],[127.0917,37.9714],[127.0912,37.988],[127.1006,37.9897],[127.1094,37.9888],[127.1173,37.9857],[127.1202,37.9795],[127.1305,37.9847],[127.1326,37.9883],[127.1433,37.9913],[127.1469,37.9956],[127.1456,38.0009],[127.1408,38.0055],[127.1402,38.0115],[127.1453,38.0156],[127.1392,38.0214],[127.1398,38.0254],[127.1352,38.0308],[127.1381,38.036],[127.1336,38.039],[127.1282,38.0367],[127.1144,38.04],[127.118,38.0439],[127.1123,38.051],[127.1142,38.0561],[127.1172,38.0607],[127.1301,38.0614],[127.1442,38.0735],[127.1477,38.0697],[127.1462,38.0634],[127.1487,38.0577],[127.1557,38.0626],[127.1675,38.0618],[127.1748,38.0665],[127.1866,38.0644]]]}},{"type":"Feature","properties":{"name":"가평군","sido":"41","code":"41820"},"geometry":{"type":"Polygon","coordinates":[[[127.6076,37.8899],[127.6177,37.9066],[127.6172,37.9124],[127.6126,37.9253],[127.6166,37.9295],[127.6138,37.9394],[127.6027,37.9477],[127.603,37.9551],[127.5936,37.9571],[127.5879,37.9613],[127.5732,37.9641],[127.5623,37.9627],[127.5443,37.9681],[127.5471,37.9798],[127.5397,38.0012],[127.5235,38.0019],[127.5014,37.9996],[127.4973,38.0036],[127.4722,38.0061],[127.458,38.0162],[127.4507,38.039],[127.4522,38.0474],[127.4457,38.051],[127.4418,38.0448],[127.4335,38.0367],[127.4249,38.0334],[127.4272,38.0275],[127.4183,38.0148],[127.413,37.9978],[127.4065,37.9916],[127.3994,37.9894],[127.3898,37.9827],[127.385,37.9824],[127.3826,37.9697],[127.3761,37.9615],[127.3824,37.9504],[127.3843,37.9435],[127.372,37.9339],[127.3643,37.926],[127.3558,37.9216],[127.3503,37.9223],[127.3452,37.9272],[127.329,37.922],[127.3304,37.91],[127.3274,37.9025],[127.3291,37.8943],[127.3237,37.8879],[127.3237,37.8737],[127.3121,37.8661],[127.3057,37.8688],[127.2962,37.8689],[127.2915,37.8741],[127.2804,37.8554],[127.2863,37.8483],[127.279,37.8423],[127.2741,37.8306],[127.2793,37.8164],[127.2788,37.8055],[127.2705,37.7938],[127.2722,37.7904],[127.2665,37.7805],[127.2741,37.774],[127.2931,37.7762],[127.3021,37.7734],[127.3109,37.7681],[127.3186,37.7672],[127.3338,37.753],[127.3329,37.7465],[127.3424,37.7378],[127.3429,37.7296],[127.3555,37.7237],[127.3534,37.7038],[127.3613,37.6938],[127.3671,37.6901],[127.3792,37.6746],[127.3764,37.6601],[127.3711,37.6482],[127.3801,37.6514],[127.3994,37.6509],[127.4081,37.6599],[127.4251,37.6656],[127.4281,37.6715],[127.4414,37.6598],[127.4348,37.6536],[127.4381,37.6479],[127.4449,37.6478],[127.4566,37.6356],[127.4626,37.6249],[127.4699,37.6236],[127.4735,37.6079],[127.4709,37.5949],[127.4694,37.5911],[127.4716,37.5799],[127.4747,37.5772],[127.4983,37.5718],[127.513,37.5781],[127.5201,37.5857],[127.5241,37.5866],[127.5379,37.5846],[127.5525,37.5861],[127.5602,37.5831],[127.5591,37.5942],[127.5623,37.6044],[127.5696,37.6083],[127.5708,37.6137],[127.5598,37.6234],[127.559,37.6284],[127.5483,37.6332],[127.537,37.643],[127.5357,37.6504],[127.5439,37.6516],[127.5465,37.6574],[127.5528,37.6615],[127.5492,37.6676],[127.5506,37.6878],[127.557,37.7049],[127.5581,37.7143],[127.561,37.7182],[127.5599,37.7285],[127.5521,37.7283],[127.5482,37.7234],[127.5408,37.7191],[127.5254,37.7269],[127.5109,37.7177],[127.5073,37.7197],[127.5076,37.7307],[127.5131,37.7376],[127.5377,37.7514],[127.544,37.7583],[127.5444,37.7627],[127.5369,37.7753],[127.5239,37.7877],[127.5215,37.7928],[127.5293,37.8041],[127.5359,37.8092],[127.5355,37.8175],[127.525,37.824],[127.5247,37.8289],[127.5293,37.8389],[127.5408,37.8462],[127.5493,37.8469],[127.5509,37.8521],[127.5624,37.8555],[127.5691,37.8663],[127.5747,37.8716],[127.5844,37.8757],[127.6011,37.8746],[127.6059,37.8767],[127.6088,37.8842],[127.6076,37.8899]]]}},{"type":"Feature","properties":{"name":"양평군","sido":"41","code":"41830"},"geometry":{"type":"Polygon","coordinates":[[[127.508,37.4398],[127.5229,37.4347],[127.5288,37.4286],[127.5344,37.4193],[127.537,37.4113],[127.5474,37.4099],[127.5542,37.4173],[127.56,37.4175],[127.5717,37.4116],[127.5796,37.4159],[127.5885,37.4173],[127.5906,37.4228],[127.6001,37.4206],[127.6111,37.4155],[127.6169,37.4149],[127.6203,37.409],[127.6271,37.4134],[127.6354,37.4135],[127.6462,37.4046],[127.6521,37.4076],[127.6585,37.4175],[127.6684,37.4119],[127.6844,37.4127],[127.6872,37.4106],[127.687,37.3995],[127.6987,37.4074],[127.7078,37.4107],[127.7157,37.4016],[127.7144,37.3985],[127.7046,37.3926],[127.706,37.3832],[127.7013,37.3739],[127.7073,37.3702],[127.7198,37.3711],[127.732,37.3757],[127.7458,37.3689],[127.7595,37.367],[127.7632,37.3699],[127.7778,37.3712],[127.7766,37.3832],[127.7831,37.3903],[127.7837,37.3986],[127.7874,37.4006],[127.7946,37.4242],[127.804,37.4291],[127.8018,37.4353],[127.7986,37.4424],[127.7996,37.4517],[127.7963,37.4636],[127.8006,37.4701],[127.7878,37.4761],[127.782,37.4816],[127.7806,37.4882],[127.7745,37.4916],[127.7603,37.4923],[127.7594,37.5037],[127.7649,37.5027],[127.7739,37.5061],[127.7811,37.513],[127.7967,37.5236],[127.7965,37.5285],[127.8051,37.5302],[127.8064,37.535],[127.8219,37.538],[127.8286,37.5364],[127.8424,37.539],[127.8464,37.5436],[127.8494,37.5532],[127.84,37.5595],[127.8269,37.5608],[127.8129,37.5646],[127.8097,37.5734],[127.8043,37.5789],[127.7928,37.5853],[127.7884,37.5795],[127.7829,37.5787],[127.7662,37.583],[127.7646,37.5858],[127.7535,37.5919],[127.7395,37.5872],[127.7231,37.5906],[127.7081,37.5864],[127.6979,37.5916],[127.7002,37.5967],[127.6962,37.6005],[127.6872,37.6043],[127.6677,37.6172],[127.6637,37.624],[127.6534,37.6223],[127.6494,37.6247],[127.6469,37.6329],[127.6411,37.6326],[127.628,37.6423],[127.6234,37.6414],[127.6154,37.6473],[127.6023,37.6513],[127.5986,37.6467],[127.5857,37.6421],[127.5837,37.636],[127.5795,37.6331],[127.5646,37.6331],[127.559,37.6284],[127.5598,37.6234],[127.5708,37.6137],[127.5696,37.6083],[127.5623,37.6044],[127.5591,37.5942],[127.5602,37.5831],[127.5525,37.5861],[127.5379,37.5846],[127.5241,37.5866],[127.5201,37.5857],[127.513,37.5781],[127.4983,37.5718],[127.4747,37.5772],[127.4716,37.5799],[127.4694,37.5911],[127.4709,37.5949],[127.4735,37.6079],[127.4699,37.6236],[127.4626,37.6249],[127.4566,37.6356],[127.4449,37.6478],[127.4381,37.6479],[127.4348,37.6536],[127.4414,37.6598],[127.4281,37.6715],[127.4251,37.6656],[127.4081,37.6599],[127.3994,37.6509],[127.3801,37.6514],[127.3711,37.6482],[127.3641,37.6381],[127.3522,37.6278],[127.3453,37.6109],[127.3415,37.5918],[127.3358,37.5807],[127.3213,37.5584],[127.3117,37.5455],[127.3079,37.538],[127.3048,37.525],[127.3071,37.5164],[127.3174,37.5292],[127.3233,37.5333],[127.3479,37.5357],[127.3642,37.53],[127.3716,37.5201],[127.3807,37.5043],[127.3836,37.5024],[127.3805,37.4899],[127.3883,37.4769],[127.3853,37.46],[127.368,37.4569],[127.3721,37.452],[127.3726,37.4447],[127.3826,37.4428],[127.384,37.4352],[127.3893,37.4288],[127.4006,37.4214],[127.4074,37.4301],[127.4146,37.4322],[127.4229,37.4395],[127.4265,37.4377],[127.4417,37.4343],[127.4543,37.429],[127.4796,37.4237],[127.4852,37.4322],[127.4984,37.4333],[127.5055,37.4381],[127.508,37.4398]]]}},{"type":"Feature","properties":{"name":"부천시 원미구","sido":"41","code":"41192"},"geometry":{"type":"Polygon","coordinates":[[[126.7764,37.485],[126.7799,37.4846],[126.7918,37.4828],[126.7987,37.4828],[126.8032,37.4824],[126.8087,37.4842],[126.8119,37.4853],[126.8206,37.4908],[126.8144,37.4932],[126.8144,37.4983],[126.8198,37.4992],[126.8224,37.5061],[126.7911,37.5068],[126.7902,37.513],[126.7953,37.5176],[126.7953,37.5223],[126.7931,37.5225],[126.7753,37.5151],[126.761,37.518],[126.752,37.5164],[126.7451,37.5141],[126.7422,37.5064],[126.7426,37.4972],[126.7424,37.4885],[126.7479,37.488],[126.7535,37.4876],[126.7646,37.4867],[126.7743,37.4852],[126.7748,37.4852],[126.7764,37.485]]]}},{"type":"Feature","properties":{"name":"부천시 소사구","sido":"41","code":"41194"},"geometry":{"type":"Polygon","coordinates":[[[126.7426,37.4866],[126.7545,37.4837],[126.7618,37.4763],[126.7677,37.4718],[126.7719,37.4724],[126.7781,37.4718],[126.7782,37.4718],[126.7843,37.4724],[126.7893,37.4657],[126.7998,37.4642],[126.8011,37.4637],[126.807,37.462],[126.8232,37.4583],[126.826,37.4594],[126.8335,37.4687],[126.833,37.4773],[126.8318,37.4776],[126.8192,37.4762],[126.8159,37.474],[126.8148,37.4747],[126.8196,37.4803],[126.823,37.4885],[126.8206,37.4908],[126.8119,37.4853],[126.8087,37.4842],[126.8032,37.4824],[126.7987,37.4828],[126.7918,37.4828],[126.7799,37.4846],[126.7764,37.485],[126.7748,37.4852],[126.7743,37.4852],[126.7646,37.4867],[126.7535,37.4876],[126.7479,37.488],[126.7424,37.4885],[126.7424,37.4884],[126.7426,37.4866]]]}},{"type":"Feature","properties":{"name":"부천시 오정구","sido":"41","code":"41196"},"geometry":{"type":"Polygon","coordinates":[[[126.8221,37.5407],[126.8124,37.5407],[126.8028,37.5431],[126.7991,37.5375],[126.7944,37.5358],[126.7918,37.5437],[126.7874,37.5459],[126.7717,37.5483],[126.7662,37.5541],[126.7635,37.5468],[126.7616,37.5402],[126.7609,37.5379],[126.7607,37.5356],[126.7603,37.5241],[126.761,37.518],[126.7753,37.5151],[126.7931,37.5225],[126.7953,37.5223],[126.7953,37.5176],[126.7902,37.513],[126.7911,37.5068],[126.8224,37.5061],[126.8247,37.5083],[126.8232,37.5162],[126.8256,37.5198],[126.8259,37.5241],[126.8285,37.5267],[126.8218,37.5349],[126.8218,37.5392],[126.8221,37.5407]]]}}]}
